phase,benchmark,likelihood,kind,cutoff,n,log_score,crps,mae,rmse,coverage50,coverage50_lo,coverage50_hi,coverage80,coverage80_lo,coverage80_hi,coverage95,coverage95_lo,coverage95_hi
development,growth,student,M0,1,298,-1.3982213780754298,0.4890016432058791,0.6139931980055878,0.8923846142570517,0.4161073825503356,0.36117659329714835,0.47265893813688975,0.6241610738255033,0.5681856604465109,0.6777378087114709,0.802013422818792,0.7539809202214327,0.844213174930214
development,growth,student,M0,5,298,-1.1678964713572202,0.4103262669573254,0.5197929731414465,0.7677730518289504,0.3859060402684564,0.33195404247067944,0.442062244130975,0.6442953020134228,0.5887571955730394,0.6970457993236285,0.8120805369127517,0.7648317780997838,0.853302362595953
development,growth,student,M0,10,298,-1.092183297370879,0.3918597158631267,0.49189963354047755,0.7656158838728384,0.3926174496644295,0.3384290308036961,0.4488804240261586,0.6543624161073825,0.5990817159966666,0.7066610500407597,0.825503355704698,0.7793743242398607,0.8653466167539072
development,growth,student,M0,20,298,-0.8701554953735211,0.31786680331169725,0.4025897501967667,0.6239443721964866,0.4228187919463087,0.36769985977811503,0.4794288334345197,0.6644295302013423,0.6094327456858846,0.7162497978796613,0.8489932885906041,0.8050518394908361,0.8861962655874216
development,growth,student,M1,1,298,-1.3982213780754298,0.4890016432058791,0.6139931980055878,0.8923846142570517,0.4161073825503356,0.36117659329714835,0.47265893813688975,0.6241610738255033,0.5681856604465109,0.6777378087114709,0.802013422818792,0.7539809202214327,0.844213174930214
development,growth,student,M1,5,298,-1.1605964119857801,0.41187686264972556,0.5221838974544059,0.7772090730271196,0.3825503355704698,0.3287206610745549,0.4386490407478008,0.6543624161073825,0.5990817159966666,0.7066610500407597,0.8154362416107382,0.7684591852435426,0.8563216471402284
development,growth,student,M1,10,298,-1.0784756311691204,0.39206899892534125,0.4922241278021862,0.7737768554150236,0.40268456375838924,0.34816188945906684,0.45908731464690516,0.6577181208053692,0.6025290866552511,0.7098602711467326,0.8355704697986577,0.7903414571890086,0.8743196499970514
development,growth,student,M1,20,298,-0.8549652460392595,0.31685468344568996,0.4017924101815043,0.6279900513780596,0.4463087248322148,0.39061369191853706,0.5030410595366784,0.6610738255033557,0.6059794228276782,0.7130565274745142,0.8456375838926175,0.8013643860524371,0.883236956265263
development,growth,student,M1size,10,298,-1.0841788663943088,0.3961097295527705,0.4984327558162325,0.7863827109132108,0.40604026845637586,0.3514115625725577,0.4624842238740635,0.6610738255033557,0.6059794228276782,0.7130565274745142,0.8389261744966443,0.7940093627379019,0.877298481189902
development,growth,student,M2,1,298,-1.3093919893323374,0.4552539391807271,0.578195303526841,0.8277565544635829,0.39932885906040266,0.34491490231062744,0.4556877190897703,0.6208053691275168,0.5647669227724961,0.6745099606521012,0.7986577181208053,0.7503740838304769,0.8411733384816512
development,growth,student,M2,5,298,-1.0909227629263125,0.38903832379093456,0.49561040808263485,0.7335071158107493,0.3724832214765101,0.3190371314125333,0.4283928131903512,0.6644295302013423,0.6094327456858846,0.7162497978796613,0.8355704697986577,0.7903414571890086,0.8743196499970514
development,growth,student,M2,10,298,-1.0402168431801515,0.3765968391013988,0.4750156314870669,0.7378906685934199,0.42953020134228187,0.37423364054004477,0.4861882133475323,0.6510067114093959,0.595637290366799,0.7034588846151764,0.825503355704698,0.7793743242398607,0.8653466167539072
development,growth,student,M2,20,298,-0.8293490626850586,0.30982322432510195,0.3942408554523008,0.613830311327477,0.43288590604026844,0.3775044537174506,0.4895639801280796,0.6644295302013423,0.6094327456858846,0.7162497978796613,0.8422818791946308,0.7976836178886495,0.8802709709054861
development,growth,student,M3,1,298,-1.3093919893323374,0.4552539391807271,0.578195303526841,0.8277565544635829,0.39932885906040266,0.34491490231062744,0.4556877190897703,0.6208053691275168,0.5647669227724961,0.6745099606521012,0.7986577181208053,0.7503740838304769,0.8411733384816512
development,growth,student,M3,5,298,-1.0483503762270279,0.3836818708996627,0.4942488322518223,0.730002231400133,0.412751677852349,0.3579189244943817,0.46927002560112013,0.6778523489932886,0.623276352602727,0.7289925722336339,0.8523489932885906,0.8087461599928563,0.889148717715166
development,growth,student,M3,10,298,-0.9824803937142341,0.37372891667893615,0.4773105770354746,0.7446790915679483,0.41946308724832215,0.36443690803882617,0.4760452044294698,0.7080536912751678,0.6546087515581636,0.7574795884669693,0.8422818791946308,0.7976836178886495,0.8802709709054861
development,growth,student,M3,20,298,-0.7857996656953095,0.30738584960085913,0.3938043172136156,0.6133445885313613,0.4563758389261745,0.40047273235627845,0.5131217553280761,0.7046979865771812,0.6511143214758015,0.7543274123246378,0.87248322147651,0.8310678775011828,0.9067078869845369
final,growth,student,M0,1,244,-1.224339468717551,0.445139487271232,0.5837379506004549,0.8158283940811536,0.39344262295081966,0.33369739350919664,0.4556990344767455,0.6680327868852459,0.6072366364181121,0.7248692399243593,0.889344262295082,0.8454334458348282,0.9240901342824471
final,growth,student,M0,5,244,-1.1180211987748019,0.4052756150465721,0.5260335801949633,0.7524040225144148,0.4098360655737705,0.34948917892745107,0.4723078214957241,0.6844262295081968,0.6242035903320691,0.7403029603822675,0.8729508196721312,0.8268413120901499,0.9102793470384434
final,growth,student,M0,10,244,-1.0500715688828473,0.38122736821404424,0.4939499296907922,0.7169863534761577,0.3770491803278688,0.31797716887480715,0.43901867206321127,0.6721311475409836,0.6114707703841242,0.7287352715925942,0.8729508196721312,0.8268413120901499,0.9102793470384434
final,growth,student,M0,20,244,-0.8432905831704975,0.31563338500189797,0.41188272872070636,0.6066000584945181,0.38934426229508196,0.32976056677489385,0.45153571593509273,0.7049180327868853,0.645529543830401,0.7594779000323656,0.8934426229508197,0.850121423100588,0.9275030130030295
final,growth,student,M1,5,244,-1.1143856324512327,0.40457951801320313,0.5245218507327575,0.7526318467697469,0.4098360655737705,0.34948917892745107,0.4723078214957241,0.680327868852459,0.6199541972677102,0.7364521818051633,0.8811475409836066,0.8361068672719101,0.9172151621368011
final,growth,student,M1,10,244,-1.039412426490601,0.3805115693495983,0.4916031328455506,0.7204103380221604,0.38934426229508196,0.32976056677489385,0.45153571593509273,0.6721311475409836,0.6114707703841242,0.7287352715925942,0.8770491803278688,0.8314667925595619,0.9137545314058142
final,growth,student,M1,20,244,-0.8337540431726812,0.3143258319466176,0.40994648862495586,0.6069834344791901,0.4057377049180328,0.34553460617720444,0.4681622523485599,0.7131147540983607,0.6540979165163847,0.767109903032342,0.8975409836065574,0.8548269573541132,0.9308983970580953
final,growth,student,M2,1,244,-1.253709228216189,0.45396972969910226,0.588536521815093,0.832016366464214,0.38524590163934425,0.3258282361119328,0.4473679003639198,0.6516393442622951,0.5903495506486763,0.7093556806692126,0.8729508196721312,0.8268413120901499,0.9102793470384434
final,growth,student,M2,5,244,-1.1439263882097088,0.41084238691333597,0.530945273537018,0.7592324479153072,0.39344262295081966,0.33369739350919664,0.4556990344767455,0.6639344262295082,0.603007491906792,0.7209982206310179,0.8483606557377049,0.7993644423107058,0.8891528963080514
final,growth,student,M2,10,244,-1.0410907972721188,0.3782354944847338,0.48786330609860595,0.7102557020679129,0.38934426229508196,0.32976056677489385,0.45153571593509273,0.6721311475409836,0.6114707703841242,0.7287352715925942,0.860655737704918,0.8130466942386078,0.899772178233385
final,growth,student,M2,20,244,-0.8410305717309076,0.31460105656285275,0.41175583931013093,0.6041263881956107,0.3975409836065574,0.3376386913410761,0.45985788100945735,0.7172131147540983,0.6583905087122854,0.7709175031386516,0.8975409836065574,0.8548269573541132,0.9308983970580953
final,growth,student,M3,5,244,-1.1120000961805567,0.4074313179212446,0.5313117798631372,0.760132522556698,0.4057377049180328,0.34553460617720444,0.4681622523485599,0.680327868852459,0.6199541972677102,0.7364521818051633,0.860655737704918,0.8130466942386078,0.899772178233385
final,growth,student,M3,10,244,-1.009005436503387,0.3748551422006844,0.48858684857372736,0.7101014860023082,0.3770491803278688,0.31797716887480715,0.43901867206321127,0.6762295081967213,0.6157099409737934,0.7325962685504999,0.8688524590163934,0.8222298294182975,0.9067902016790412
final,growth,student,M3,20,244,-0.812672942900931,0.3128025048319003,0.4115882070280398,0.6045710455760903,0.4098360655737705,0.34948917892745107,0.4723078214957241,0.7213114754098361,0.6626888013514032,0.7747194059663405,0.8934426229508197,0.850121423100588,0.9275030130030295
reference_screen,broad,gaussian,M0,1,298,-1.9722136570169952,0.5271401892584678,0.6695722722793808,0.9622057584182103,0.5033557046979866,0.44678538001044094,0.5598611975476703,0.6778523489932886,0.623276352602727,0.7289925722336339,0.785234899328859,0.7359948610333766,0.8289659092406623
reference_screen,broad,gaussian,M0,5,298,-1.5843094476178397,0.43130177278500303,0.5508955063877662,0.8112403555731208,0.5067114093959731,0.4501124723974489,0.5631806827298441,0.7080536912751678,0.6546087515581636,0.7574795884669693,0.802013422818792,0.7539809202214327,0.844213174930214
reference_screen,broad,gaussian,M0,10,298,-1.718208983854945,0.4076276311767226,0.5155739217706975,0.7976274325202286,0.47315436241610737,0.41695570999437537,0.529871668608205,0.7046979865771812,0.6511143214758015,0.7543274123246378,0.8087248322147651,0.7612096681078206,0.8502777859948771
reference_screen,broad,gaussian,M0,20,298,-1.3321623953851205,0.32947452527220367,0.4223527457611576,0.6471188444582214,0.4899328859060403,0.4335023683805759,0.5465578989007956,0.7248322147651006,0.6721321371908032,0.7731892542304759,0.8489932885906041,0.8050518394908361,0.8861962655874216
reference_screen,broad,student,M0,1,298,-1.529203941166605,0.537179743289413,0.6730000649584255,0.9740865633282026,0.3825503355704698,0.3287206610745549,0.4386490407478008,0.6208053691275168,0.5647669227724961,0.6745099606521012,0.785234899328859,0.7359948610333766,0.8289659092406623
reference_screen,broad,student,M0,5,298,-1.2409308857046029,0.43699662971583925,0.5517206759404826,0.8167804004947367,0.40939597315436244,0.35466391099079325,0.4658784574472304,0.6409395973154363,0.5853214887053972,0.6938349171126452,0.802013422818792,0.7539809202214327,0.844213174930214
reference_screen,broad,student,M0,10,298,-1.1522727670023953,0.4105630722697265,0.5150548437336115,0.8027440740500408,0.3825503355704698,0.3287206610745549,0.4386490407478008,0.6610738255033557,0.6059794228276782,0.7130565274745142,0.8221476510067114,0.7757303395438633,0.8623438926690059
reference_screen,broad,student,M0,20,298,-0.9240141694683546,0.3311623079553259,0.4199335495087485,0.6482774197061129,0.40939597315436244,0.35466391099079325,0.4658784574472304,0.6677852348993288,0.6128890771086415,0.7194400605118937,0.8456375838926175,0.8013643860524371,0.883236956265263
reference_screen,growth,gaussian,M0,1,298,-1.9596908425957729,0.5224497772117429,0.6646637445839769,0.9533990036634449,0.5,0.4434608234207735,0.5565391765792264,0.6812080536912751,0.6267449519650874,0.7321705703996391,0.7718120805369127,0.7216887242215209,0.8166854484302859
reference_screen,growth,gaussian,M0,5,298,-1.583099671167263,0.4281195844202264,0.5492606943567683,0.8062005420500369,0.5134228187919463,0.45677426697474693,0.5698120433684717,0.6912751677852349,0.6371696333231118,0.7416856874774906,0.8053691275167785,0.7575927492836423,0.8472480230540249
reference_screen,growth,gaussian,M0,10,298,-1.719199501612892,0.4039470796783,0.512268405681673,0.793205665772631,0.4865771812080537,0.4301879566315283,0.543225733025253,0.714765100671141,0.6616077516232001,0.7637738047489193,0.8120805369127517,0.7648317780997838,0.853302362595953
reference_screen,growth,gaussian,M0,20,298,-1.3442643779115822,0.32663020370149076,0.41899313797084553,0.6424638085605026,0.5,0.4434608234207735,0.5565391765792264,0.7214765100671141,0.6686205076423217,0.7700542706182851,0.8422818791946308,0.7976836178886495,0.8802709709054861
reference_screen,growth,student,M0,1,298,-1.523586690290353,0.5333286899540292,0.6688030757381207,0.9656059383155148,0.37919463087248323,0.3254900393478987,0.43523307722750393,0.6073825503355704,0.5511195759738414,0.6615709691963039,0.7751677852348994,0.7252586695778315,0.8197621479242274
reference_screen,growth,student,M0,5,298,-1.238265254196524,0.43451244020710916,0.5490577744328834,0.8126818668715622,0.39932885906040266,0.34491490231062744,0.4556877190897703,0.62751677852349,0.5716071868096488,0.6809628685874667,0.8087248322147651,0.7612096681078206,0.8502777859948771
reference_screen,growth,student,M0,10,298,-1.1399029251285142,0.40817160946712916,0.5124932043716404,0.7982346509178236,0.3926174496644295,0.3384290308036961,0.4488804240261586,0.6510067114093959,0.595637290366799,0.7034588846151764,0.8322147651006712,0.7866797460652892,0.8713346320133885
reference_screen,growth,student,M0,20,298,-0.9173251242307686,0.3299056356992727,0.41819700103412444,0.6451812743271182,0.412751677852349,0.3579189244943817,0.46927002560112013,0.6644295302013423,0.6094327456858846,0.7162497978796613,0.8456375838926175,0.8013643860524371,0.883236956265263
reference_screen,growth,student,M0size,1,298,-1.3982213780754298,0.4890016432058791,0.6139931980055878,0.8923846142570517,0.4161073825503356,0.36117659329714835,0.47265893813688975,0.6241610738255033,0.5681856604465109,0.6777378087114709,0.802013422818792,0.7539809202214327,0.844213174930214
reference_screen,growth,student,M0size,5,298,-1.1678964713572202,0.4103262669573254,0.5197929731414465,0.7677730518289504,0.3859060402684564,0.33195404247067944,0.442062244130975,0.6442953020134228,0.5887571955730394,0.6970457993236285,0.8120805369127517,0.7648317780997838,0.853302362595953
reference_screen,growth,student,M0size,10,298,-1.092183297370879,0.3918597158631267,0.49189963354047755,0.7656158838728384,0.3926174496644295,0.3384290308036961,0.4488804240261586,0.6543624161073825,0.5990817159966666,0.7066610500407597,0.825503355704698,0.7793743242398607,0.8653466167539072
reference_screen,growth,student,M0size,20,298,-0.8701554953735211,0.31786680331169725,0.4025897501967667,0.6239443721964866,0.4228187919463087,0.36769985977811503,0.4794288334345197,0.6644295302013423,0.6094327456858846,0.7162497978796613,0.8489932885906041,0.8050518394908361,0.8861962655874216
sensitivity_0.5,growth,student,M3,10,244,-1.0078647006787533,0.3747052195240811,0.48878778891809826,0.7105193839820967,0.3770491803278688,0.31797716887480715,0.43901867206321127,0.6680327868852459,0.6072366364181121,0.7248692399243593,0.8770491803278688,0.8314667925595619,0.9137545314058142
sensitivity_2.0,growth,student,M3,10,244,-1.0094579451421717,0.3746700055035992,0.48886966323463077,0.709355290368208,0.38524590163934425,0.3258282361119328,0.4473679003639198,0.6885245901639344,0.6284581732971721,0.7441485512478772,0.8770491803278688,0.8314667925595619,0.9137545314058142
