coefficient,median,lo,hi,p_positive,p_negative,size_conditioned,kind,cutoff,benchmark,phase,fold,prior_multiplier
log_size,0.08994537715659975,0.0464679817813397,0.130554554643934,1.0,0.0,False,M0size,1,growth,reference_screen,2022,1.0
log_size,0.18517190170184983,0.1431718751226656,0.22838695770970832,1.0,0.0,False,M0size,1,growth,reference_screen,2024,1.0
log_size,0.0662331967288629,0.028051932431733546,0.10315748843490594,0.9996875,0.0003125,False,M0size,5,growth,reference_screen,2022,1.0
log_size,0.12245378854133555,0.08613465199742629,0.1586932804553579,1.0,0.0,False,M0size,5,growth,reference_screen,2024,1.0
log_size,0.05654491990534902,0.02203894495454318,0.09118827597028895,0.999375,0.000625,False,M0size,10,growth,reference_screen,2022,1.0
log_size,0.09446273551529127,0.06108309973088055,0.12846201522963985,1.0,0.0,False,M0size,10,growth,reference_screen,2024,1.0
log_size,0.04744346199815752,0.016233373865084427,0.07796109032086035,0.99875,0.00125,False,M0size,20,growth,reference_screen,2022,1.0
log_size,0.07427224726562437,0.04713321206910975,0.10205984774412105,1.0,0.0,False,M0size,20,growth,reference_screen,2024,1.0
log_size,0.08994537715659975,0.0464679817813397,0.130554554643934,1.0,0.0,True,M0,1,growth,development,2022,1.0
log_size,0.18517190170184983,0.1431718751226656,0.22838695770970832,1.0,0.0,True,M0,1,growth,development,2024,1.0
log_size,0.0662331967288629,0.028051932431733546,0.10315748843490594,0.9996875,0.0003125,True,M0,5,growth,development,2022,1.0
log_size,0.12245378854133555,0.08613465199742629,0.1586932804553579,1.0,0.0,True,M0,5,growth,development,2024,1.0
log_size,0.05654491990534902,0.02203894495454318,0.09118827597028895,0.999375,0.000625,True,M0,10,growth,development,2022,1.0
log_size,0.09446273551529127,0.06108309973088055,0.12846201522963985,1.0,0.0,True,M0,10,growth,development,2024,1.0
log_size,0.04744346199815752,0.016233373865084427,0.07796109032086035,0.99875,0.00125,True,M0,20,growth,development,2022,1.0
log_size,0.07427224726562437,0.04713321206910975,0.10205984774412105,1.0,0.0,True,M0,20,growth,development,2024,1.0
early_car,-0.0013678222718258495,-0.0465227897241726,0.040859398252958895,0.475625,0.524375,True,M1,5,growth,development,2022,1.0
log_size,0.06636404426704806,0.029665929602047357,0.10392298278421037,0.9996875,0.0003125,True,M1,5,growth,development,2022,1.0
early_car,0.056588206405986025,0.004223074912838717,0.10255158672845287,0.9821875,0.0178125,True,M1,5,growth,development,2024,1.0
log_size,0.11216671158071978,0.07666603880122425,0.14791050942957717,1.0,0.0,True,M1,5,growth,development,2024,1.0
early_car,0.015636545078733025,-0.028906994352263116,0.06046831142043356,0.7528125,0.2471875,True,M1,10,growth,development,2022,1.0
log_size,0.05362525275569011,0.019409977527294935,0.08768880199642941,0.9984375,0.0015625,True,M1,10,growth,development,2022,1.0
early_car,0.03439163278347426,-0.013054639559156901,0.0792481314487427,0.9275,0.0725,True,M1,10,growth,development,2024,1.0
log_size,0.08613539626851442,0.04853180543071806,0.12116529861736978,1.0,0.0,True,M1,10,growth,development,2024,1.0
early_car,0.008263984302533105,-0.02502519966334058,0.04424295328430159,0.676875,0.323125,True,M1,20,growth,development,2022,1.0
log_size,0.04586138335183344,0.015381573512950943,0.07517360171247611,0.9984375,0.0015625,True,M1,20,growth,development,2022,1.0
early_car,0.03770994995078547,0.0012931906994246747,0.07590007231542822,0.9784375,0.0215625,True,M1,20,growth,development,2024,1.0
log_size,0.06387689566590954,0.03388056865343157,0.09470454700176728,1.0,0.0,True,M1,20,growth,development,2024,1.0
log_ti,-0.07927878547892153,-0.12070580192270984,-0.03666580297725222,0.0009375,0.9990625,True,M2,1,growth,development,2022,1.0
log_size,0.10312971719770075,0.06202740673703832,0.14670297352951825,1.0,0.0,True,M2,1,growth,development,2022,1.0
log_ti,-0.19513776220795026,-0.24104219998398219,-0.15041553597782312,0.0,1.0,True,M2,1,growth,development,2024,1.0
log_size,0.1824406816485172,0.14507254223907917,0.2225183935194554,1.0,0.0,True,M2,1,growth,development,2024,1.0
early_car,0.0027949253095505117,-0.04012068524881991,0.041865905421180474,0.55625,0.44375,True,M2,5,growth,development,2022,1.0
log_ti,-0.06406065359911411,-0.10329243664654539,-0.026934271094415565,0.0,1.0,True,M2,5,growth,development,2022,1.0
log_size,0.05748347116217467,0.018636994649651326,0.09681291645602318,0.9984375,0.0015625,True,M2,5,growth,development,2022,1.0
early_car,0.030899520602813663,-0.0184381744981148,0.07493004906271444,0.8940625,0.1059375,True,M2,5,growth,development,2024,1.0
log_ti,-0.13686373856284134,-0.17788789104342945,-0.09698599916164367,0.0,1.0,True,M2,5,growth,development,2024,1.0
log_size,0.08807052084038405,0.05148683296796303,0.12563360240315907,1.0,0.0,True,M2,5,growth,development,2024,1.0
early_car,0.01418469928117154,-0.025180156557773937,0.052486082896904346,0.75875,0.24125,True,M2,10,growth,development,2022,1.0
log_ti,-0.0566523947821096,-0.09193961587780926,-0.021447195516278408,0.00125,0.99875,True,M2,10,growth,development,2022,1.0
log_size,0.04833161014994532,0.013697779279624482,0.08319920213373712,0.9965625,0.0034375,True,M2,10,growth,development,2022,1.0
early_car,0.01181440473812871,-0.02927184621807246,0.05364530224547898,0.703125,0.296875,True,M2,10,growth,development,2024,1.0
log_ti,-0.10964189218782298,-0.14525235680138862,-0.07264013987712688,0.0,1.0,True,M2,10,growth,development,2024,1.0
log_size,0.06499522700267374,0.02948384581393734,0.10094915672209126,1.0,0.0,True,M2,10,growth,development,2024,1.0
early_car,0.00952709593383053,-0.023431133826432853,0.04640113553015991,0.71875,0.28125,True,M2,20,growth,development,2022,1.0
log_ti,-0.03133514769308361,-0.06307113073402973,-0.0005205319409995305,0.0234375,0.9765625,True,M2,20,growth,development,2022,1.0
log_size,0.04072207295079753,0.012066000166268303,0.07095750478949082,0.99625,0.00375,True,M2,20,growth,development,2022,1.0
early_car,0.02002501486397821,-0.01752991802744446,0.058435707430464126,0.85,0.15,True,M2,20,growth,development,2024,1.0
log_ti,-0.06777529170458454,-0.0998772712126727,-0.03529953492500471,0.0,1.0,True,M2,20,growth,development,2024,1.0
log_size,0.05041835067213303,0.019476858965739478,0.08131225989719144,0.9984375,0.0015625,True,M2,20,growth,development,2024,1.0
early_car,0.0022430018752508957,-0.04432674785454634,0.04860274178026368,0.538125,0.461875,True,M3,5,growth,development,2022,1.0
log_ti,-0.06656116953303085,-0.10730917987275598,-0.025270042052991836,0.0003125,0.9996875,True,M3,5,growth,development,2022,1.0
log_size,0.05753761142507077,0.018896561696159157,0.09801214050229637,0.99875,0.00125,True,M3,5,growth,development,2022,1.0
delta_rv,0.10186952509620269,-0.008225982289703955,0.21819897354398868,0.9625,0.0375,True,M3,5,growth,development,2022,1.0
early_car,0.01620782063167387,-0.04029645145188226,0.07475693372421728,0.691875,0.308125,True,M3,5,growth,development,2024,1.0
log_ti,-0.13911556820331522,-0.18181317900946156,-0.09829887496080027,0.0,1.0,True,M3,5,growth,development,2024,1.0
log_size,0.09422015177505391,0.05561682771688915,0.1315868684950575,1.0,0.0,True,M3,5,growth,development,2024,1.0
delta_rv,0.23477200474662502,0.14449524783162593,0.34014719195595394,1.0,0.0,True,M3,5,growth,development,2024,1.0
early_car,0.027757247975684497,-0.018208112432207508,0.07710490531903257,0.8746875,0.1253125,True,M3,10,growth,development,2022,1.0
log_ti,-0.043410460594269853,-0.08414746605567187,-0.0005532842473254063,0.0240625,0.9759375,True,M3,10,growth,development,2022,1.0
log_size,0.04481334147662641,0.00913254702435729,0.08104040028307467,0.9928125,0.0071875,True,M3,10,growth,development,2022,1.0
delta_rv,0.14953375556188223,0.03489438911784048,0.2692061848880532,0.994375,0.005625,True,M3,10,growth,development,2022,1.0
early_car,0.0209176356189478,-0.034658555286670466,0.07198728217430007,0.7675,0.2325,True,M3,10,growth,development,2024,1.0
log_ti,-0.09793130761465912,-0.14262936888407904,-0.057310278999429434,0.0,1.0,True,M3,10,growth,development,2024,1.0
log_size,0.06743453877196384,0.03358285059517491,0.10210963679144988,1.0,0.0,True,M3,10,growth,development,2024,1.0
delta_rv,0.2597281695372834,0.17013141957661373,0.35952011425041136,1.0,0.0,True,M3,10,growth,development,2024,1.0
early_car,0.009953421088093238,-0.027212820154277513,0.04824445211618214,0.6940625,0.3059375,True,M3,20,growth,development,2022,1.0
log_ti,-0.028007014157875137,-0.061241510010023266,0.006362789933953746,0.0525,0.9475,True,M3,20,growth,development,2022,1.0
log_size,0.0395582700018178,0.007886953472518391,0.07090571307713085,0.9925,0.0075,True,M3,20,growth,development,2022,1.0
delta_rv,0.10426607161701862,-0.002472406929966489,0.22165661677195794,0.9725,0.0275,True,M3,20,growth,development,2022,1.0
early_car,0.01199733271042277,-0.030345305072538128,0.05463432550510443,0.716875,0.283125,True,M3,20,growth,development,2024,1.0
log_ti,-0.06200623948386804,-0.09650217121759405,-0.028944211431127995,0.0,1.0,True,M3,20,growth,development,2024,1.0
log_size,0.054505625155740534,0.024591325646356424,0.08468025464934933,1.0,0.0,True,M3,20,growth,development,2024,1.0
delta_rv,0.2052581412370646,0.11495790563413062,0.2991076349948645,1.0,0.0,True,M3,20,growth,development,2024,1.0
early_car,0.016300571423774127,-0.03340173721006485,0.06727064579592888,0.731875,0.268125,True,M1size,10,growth,development,2022,1.0
log_size,0.053965497508154193,0.01727916040004275,0.08946387714013888,0.9978125,0.0021875,True,M1size,10,growth,development,2022,1.0
price_size,0.0018063678947551128,-0.03763627955409012,0.03761911982249405,0.53625,0.46375,True,M1size,10,growth,development,2022,1.0
early_car,-0.002550783463345853,-0.062061239605728354,0.054378500434772915,0.4659375,0.5340625,True,M1size,10,growth,development,2024,1.0
log_size,0.09008420015815402,0.05400195279089181,0.12691269180484185,1.0,0.0,True,M1size,10,growth,development,2024,1.0
price_size,-0.057999290859111714,-0.109576023858632,-0.00963894237202757,0.01125,0.98875,True,M1size,10,growth,development,2024,1.0
log_size,0.19048157180637515,0.1525106392354977,0.23028781480386518,1.0,0.0,True,M0,1,growth,final,final,1.0
log_ti,-0.18619508154705905,-0.22911225277772795,-0.1426022543172129,0.0,1.0,True,M2,1,growth,final,final,1.0
log_size,0.18412490405910625,0.14758098284830506,0.22330409320631442,1.0,0.0,True,M2,1,growth,final,final,1.0
log_size,0.13139092871167424,0.0990049440948911,0.1647465430816188,1.0,0.0,True,M0,5,growth,final,final,1.0
early_car,0.058294306931579734,0.011963570383443192,0.09970691886107678,0.9921875,0.0078125,True,M1,5,growth,final,final,1.0
log_size,0.12100311249852502,0.08894190556035307,0.15432596183550265,1.0,0.0,True,M1,5,growth,final,final,1.0
early_car,0.028537358473729613,-0.013762865715909017,0.06576745397961502,0.91625,0.08375,True,M2,5,growth,final,final,1.0
log_ti,-0.1442796460081459,-0.1847241514421063,-0.10606847914257016,0.0,1.0,True,M2,5,growth,final,final,1.0
log_size,0.09879061121656502,0.06505072993510154,0.13251070200260393,1.0,0.0,True,M2,5,growth,final,final,1.0
early_car,0.0054698955913917244,-0.05266752222574884,0.0635438372338764,0.573125,0.426875,True,M3,5,growth,final,final,1.0
log_ti,-0.1483892120674108,-0.19045806302629917,-0.10487564655540295,0.0,1.0,True,M3,5,growth,final,final,1.0
log_size,0.10302969322762422,0.06847767091606992,0.13722656652484766,1.0,0.0,True,M3,5,growth,final,final,1.0
delta_rv,0.24009589411976978,0.15304310451639982,0.33214222002048566,1.0,0.0,True,M3,5,growth,final,final,1.0
log_size,0.09863449538086434,0.06797348580066372,0.12971706130463212,1.0,0.0,True,M0,10,growth,final,final,1.0
early_car,0.0375472800448398,0.0009195751046460978,0.07386159238399169,0.978125,0.021875,True,M1,10,growth,final,final,1.0
log_size,0.0882932785583731,0.05628277574168497,0.11941551964389743,1.0,0.0,True,M1,10,growth,final,final,1.0
early_car,0.015196337153035498,-0.021031075221658528,0.051160018553322015,0.80375,0.19625,True,M2,10,growth,final,final,1.0
log_ti,-0.10543347800003847,-0.13979484224960756,-0.071620837767559,0.0,1.0,True,M2,10,growth,final,final,1.0
log_size,0.06876914315511125,0.036101033216076925,0.10039267508282082,1.0,0.0,True,M2,10,growth,final,final,1.0
early_car,0.012451795782660414,-0.038942624170569984,0.06359840343254057,0.681875,0.318125,True,M3,10,growth,final,final,1.0
log_ti,-0.10227687815754677,-0.14117735596675526,-0.0651880645964896,0.0,1.0,True,M3,10,growth,final,final,1.0
log_size,0.07270912036805745,0.040383208769173486,0.10538359391012626,1.0,0.0,True,M3,10,growth,final,final,1.0
delta_rv,0.27160174504526785,0.18171897251869834,0.368788202689136,1.0,0.0,True,M3,10,growth,final,final,1.0
log_size,0.08119081685243101,0.05552371955673147,0.10767004073126223,1.0,0.0,True,M0,20,growth,final,final,1.0
early_car,0.03553130804138281,0.002367416923103592,0.06792670908537339,0.9809375,0.0190625,True,M1,20,growth,final,final,1.0
log_size,0.07188051799414655,0.04393296810623158,0.09908270836849725,1.0,0.0,True,M1,20,growth,final,final,1.0
early_car,0.020029016940626865,-0.013203201954186096,0.051637491694294185,0.8765625,0.1234375,True,M2,20,growth,final,final,1.0
log_ti,-0.07126358452932269,-0.09958149700229876,-0.041853518844656976,0.0,1.0,True,M2,20,growth,final,final,1.0
log_size,0.05510317686538095,0.02780267674082611,0.08379917359277932,1.0,0.0,True,M2,20,growth,final,final,1.0
early_car,0.006205427360474056,-0.033612488851363025,0.04459537832083878,0.6225,0.3775,True,M3,20,growth,final,final,1.0
log_ti,-0.06643929242325883,-0.09688948526539377,-0.03509392591690601,0.0,1.0,True,M3,20,growth,final,final,1.0
log_size,0.058221288999196735,0.030931848274706405,0.08620707953686464,1.0,0.0,True,M3,20,growth,final,final,1.0
delta_rv,0.20890201991225268,0.12611241352906863,0.29548844577973105,1.0,0.0,True,M3,20,growth,final,final,1.0
early_car,0.01352118514525344,-0.03847117978624278,0.062379178276802914,0.6984375,0.3015625,True,M3,10,growth,sensitivity_0.5,sensitivity_0.5,0.5
log_ti,-0.09979339600437262,-0.1372723308041299,-0.06321175546383985,0.0,1.0,True,M3,10,growth,sensitivity_0.5,sensitivity_0.5,0.5
log_size,0.07135055876974952,0.04156406294720474,0.10318979768546034,1.0,0.0,True,M3,10,growth,sensitivity_0.5,sensitivity_0.5,0.5
delta_rv,0.25686826519713646,0.16944983692406468,0.3514686065929757,1.0,0.0,True,M3,10,growth,sensitivity_0.5,sensitivity_0.5,0.5
early_car,0.013202459281079352,-0.04031300180605981,0.0643834110763856,0.6903125,0.3096875,True,M3,10,growth,sensitivity_2.0,sensitivity_2.0,2.0
log_ti,-0.10334841670136419,-0.14343960628433738,-0.0657647345614957,0.0,1.0,True,M3,10,growth,sensitivity_2.0,sensitivity_2.0,2.0
log_size,0.07378511421880206,0.04130627629284635,0.10519610785169345,1.0,0.0,True,M3,10,growth,sensitivity_2.0,sensitivity_2.0,2.0
delta_rv,0.2749547721706618,0.18417176822276216,0.37140546181898365,1.0,0.0,True,M3,10,growth,sensitivity_2.0,sensitivity_2.0,2.0
