phase,threshold,kind,cutoff,n,log_score,crps,p_positive,observed_positive,coverage50,coverage50_lo,coverage50_hi,coverage80,coverage80_lo,coverage80_hi,coverage95,coverage95_lo,coverage95_hi
development,0.0,M0,1,298,-1.3982213780754298,0.4890016432058791,0.28152308533004844,0.23825503355704697,0.4161073825503356,0.36117659329714835,0.47265893813688975,0.6241610738255033,0.5681856604465109,0.6777378087114709,0.802013422818792,0.7539809202214327,0.844213174930214
development,0.0,M0,5,298,-1.1678964713572202,0.4103262669573254,0.2840529407443067,0.2785234899328859,0.3859060402684564,0.33195404247067944,0.442062244130975,0.6442953020134228,0.5887571955730394,0.6970457993236285,0.8120805369127517,0.7648317780997838,0.853302362595953
development,0.0,M0,10,298,-1.092183297370879,0.3918597158631266,0.30242839648975267,0.3221476510067114,0.3926174496644295,0.3384290308036961,0.4488804240261586,0.6543624161073825,0.5990817159966666,0.7066610500407597,0.825503355704698,0.7793743242398607,0.8653466167539072
development,0.0,M0,20,298,-0.8701554953735211,0.3178668033116972,0.31638173046316764,0.3187919463087248,0.4228187919463087,0.36769985977811503,0.4794288334345197,0.6644295302013423,0.6094327456858846,0.7162497978796613,0.8489932885906041,0.8050518394908361,0.8861962655874216
development,0.0,M1,1,298,-1.3982213780754298,0.4890016432058791,0.28152308533004844,0.23825503355704697,0.4161073825503356,0.36117659329714835,0.47265893813688975,0.6241610738255033,0.5681856604465109,0.6777378087114709,0.802013422818792,0.7539809202214327,0.844213174930214
development,0.0,M1,5,298,-1.1605964119857801,0.4118768626497255,0.2901495347837005,0.2785234899328859,0.3825503355704698,0.3287206610745549,0.4386490407478008,0.6543624161073825,0.5990817159966666,0.7066610500407597,0.8154362416107382,0.7684591852435426,0.8563216471402284
development,0.0,M1,10,298,-1.0784756311691204,0.3920689989253412,0.30245772561355033,0.3221476510067114,0.40268456375838924,0.34816188945906684,0.45908731464690516,0.6577181208053692,0.6025290866552511,0.7098602711467326,0.8355704697986577,0.7903414571890086,0.8743196499970514
development,0.0,M1,20,298,-0.8549652460392595,0.3168546834456899,0.316532140589123,0.3187919463087248,0.4463087248322148,0.39061369191853706,0.5030410595366784,0.6610738255033557,0.6059794228276782,0.7130565274745142,0.8456375838926175,0.8013643860524371,0.883236956265263
development,0.0,M2,1,298,-1.3093919893323374,0.455253939180727,0.2738745826130315,0.23825503355704697,0.39932885906040266,0.34491490231062744,0.4556877190897703,0.6208053691275168,0.5647669227724961,0.6745099606521012,0.7986577181208053,0.7503740838304769,0.8411733384816512
development,0.0,M2,5,298,-1.0909227629263125,0.38903832379093456,0.2878918076164414,0.2785234899328859,0.3724832214765101,0.3190371314125333,0.4283928131903512,0.6644295302013423,0.6094327456858846,0.7162497978796613,0.8355704697986577,0.7903414571890086,0.8743196499970514
development,0.0,M2,10,298,-1.0402168431801515,0.37659683910139874,0.298606926608566,0.3221476510067114,0.42953020134228187,0.37423364054004477,0.4861882133475323,0.6510067114093959,0.595637290366799,0.7034588846151764,0.825503355704698,0.7793743242398607,0.8653466167539072
development,0.0,M2,20,298,-0.8293490626850586,0.30982322432510195,0.3159389142241073,0.3187919463087248,0.43288590604026844,0.3775044537174506,0.4895639801280796,0.6644295302013423,0.6094327456858846,0.7162497978796613,0.8422818791946308,0.7976836178886495,0.8802709709054861
development,0.0,M3,1,298,-1.3093919893323374,0.455253939180727,0.2738745826130315,0.23825503355704697,0.39932885906040266,0.34491490231062744,0.4556877190897703,0.6208053691275168,0.5647669227724961,0.6745099606521012,0.7986577181208053,0.7503740838304769,0.8411733384816512
development,0.0,M3,5,298,-1.0483503762270279,0.3836818708996627,0.30062735870925367,0.2785234899328859,0.412751677852349,0.3579189244943817,0.46927002560112013,0.6778523489932886,0.623276352602727,0.7289925722336339,0.8523489932885906,0.8087461599928563,0.889148717715166
development,0.0,M3,10,298,-0.9824803937142339,0.37372891667893615,0.3189373156304001,0.3221476510067114,0.41946308724832215,0.36443690803882617,0.4760452044294698,0.7080536912751678,0.6546087515581636,0.7574795884669693,0.8422818791946308,0.7976836178886495,0.8802709709054861
development,0.0,M3,20,298,-0.7857996656953095,0.30738584960085913,0.3345545163655534,0.3187919463087248,0.4563758389261745,0.40047273235627845,0.5131217553280761,0.7046979865771812,0.6511143214758015,0.7543274123246378,0.87248322147651,0.8310678775011828,0.9067078869845369
development,500000000.0,M0,1,24,-0.2144495381352768,0.1513970752582959,0.5562910836286256,0.4166666666666667,0.7083333333333334,0.5107635656677039,0.8589754100930019,1.0,0.9016123956141302,0.999979752433282,1.0,0.9016123956141302,0.999979752433282
development,500000000.0,M0,5,24,-0.11561531499281898,0.13764340233337718,0.504697731033864,0.375,0.5833333333333334,0.3860203900990539,0.7618487306979931,1.0,0.9016123956141302,0.999979752433282,1.0,0.9016123956141302,0.999979752433282
development,500000000.0,M0,10,24,-0.03652042888946765,0.12783853265277434,0.49961207470786767,0.4583333333333333,0.6666666666666666,0.46773060400697103,0.8280358336978952,1.0,0.9016123956141302,0.999979752433282,1.0,0.9016123956141302,0.999979752433282
development,500000000.0,M0,20,24,0.09899602347606047,0.11138614724124928,0.501202895415168,0.4583333333333333,0.6666666666666666,0.46773060400697103,0.8280358336978952,1.0,0.9016123956141302,0.999979752433282,1.0,0.9016123956141302,0.999979752433282
development,500000000.0,M1,1,24,-0.2144495381352768,0.1513970752582959,0.5562910836286256,0.4166666666666667,0.7083333333333334,0.5107635656677039,0.8589754100930019,1.0,0.9016123956141302,0.999979752433282,1.0,0.9016123956141302,0.999979752433282
development,500000000.0,M1,5,24,-0.11978402443043841,0.13898118685943375,0.5063720798503247,0.375,0.5833333333333334,0.3860203900990539,0.7618487306979931,1.0,0.9016123956141302,0.999979752433282,1.0,0.9016123956141302,0.999979752433282
development,500000000.0,M1,10,24,-0.03406820001049793,0.12779139265890893,0.49521416540653423,0.4583333333333333,0.625,0.42618641474541646,0.7956256354352873,1.0,0.9016123956141302,0.999979752433282,1.0,0.9016123956141302,0.999979752433282
development,500000000.0,M1,20,24,0.09696952348761352,0.11245512855427801,0.4942940376351921,0.4583333333333333,0.7083333333333334,0.5107635656677039,0.8589754100930019,1.0,0.9016123956141302,0.999979752433282,1.0,0.9016123956141302,0.999979752433282
development,500000000.0,M2,1,24,-0.238214090246368,0.15903917359569852,0.5682173265555899,0.4166666666666667,0.6666666666666666,0.46773060400697103,0.8280358336978952,0.9583333333333334,0.8213050812010269,0.9954668098727285,1.0,0.9016123956141302,0.999979752433282
development,500000000.0,M2,5,24,-0.08414063183970555,0.1335262297062045,0.4841904822333569,0.375,0.5833333333333334,0.3860203900990539,0.7618487306979931,1.0,0.9016123956141302,0.999979752433282,1.0,0.9016123956141302,0.999979752433282
development,500000000.0,M2,10,24,-0.03636122196132314,0.12923818317015046,0.4787768370849343,0.4583333333333333,0.7083333333333334,0.5107635656677039,0.8589754100930019,1.0,0.9016123956141302,0.999979752433282,1.0,0.9016123956141302,0.999979752433282
development,500000000.0,M2,20,24,0.09981399666902584,0.11254547844849572,0.48515836273089885,0.4583333333333333,0.6666666666666666,0.46773060400697103,0.8280358336978952,0.9583333333333334,0.8213050812010269,0.9954668098727285,1.0,0.9016123956141302,0.999979752433282
development,500000000.0,M3,1,24,-0.238214090246368,0.15903917359569852,0.5682173265555899,0.4166666666666667,0.6666666666666666,0.46773060400697103,0.8280358336978952,0.9583333333333334,0.8213050812010269,0.9954668098727285,1.0,0.9016123956141302,0.999979752433282
development,500000000.0,M3,5,24,-0.05172693132825085,0.13040445912340962,0.4903972684846773,0.375,0.5833333333333334,0.3860203900990539,0.7618487306979931,0.9583333333333334,0.8213050812010269,0.9954668098727285,1.0,0.9016123956141302,0.999979752433282
development,500000000.0,M3,10,24,0.021190221641680867,0.12408888075507189,0.47865593059106715,0.4583333333333333,0.625,0.42618641474541646,0.7956256354352873,0.9583333333333334,0.8213050812010269,0.9954668098727285,1.0,0.9016123956141302,0.999979752433282
development,500000000.0,M3,20,24,0.15195396156069835,0.10900760435816291,0.48628774635063926,0.4583333333333333,0.625,0.42618641474541646,0.7956256354352873,0.9583333333333334,0.8213050812010269,0.9954668098727285,1.0,0.9016123956141302,0.999979752433282
development,1000000000.0,M0,1,9,-0.24219425571578984,0.1562477715232425,0.6134462688135586,0.4444444444444444,0.6666666666666666,0.3477917934722658,0.8957867783392258,1.0,0.7623899013670968,0.9999469359465815,1.0,0.7623899013670968,0.9999469359465815
development,1000000000.0,M0,5,9,-0.07926692084256587,0.13212472596364258,0.5516133510213652,0.4444444444444444,0.6666666666666666,0.3477917934722658,0.8957867783392258,1.0,0.7623899013670968,0.9999469359465815,1.0,0.7623899013670968,0.9999469359465815
development,1000000000.0,M0,10,9,-0.04983990978998995,0.13005289518958826,0.5414250858914138,0.5555555555555556,0.6666666666666666,0.3477917934722658,0.8957867783392258,1.0,0.7623899013670968,0.9999469359465815,1.0,0.7623899013670968,0.9999469359465815
development,1000000000.0,M0,20,9,0.19840604592678288,0.09584878323395826,0.5406112177217044,0.4444444444444444,0.7777777777777778,0.45617556688065247,0.9506980770234059,1.0,0.7623899013670968,0.9999469359465815,1.0,0.7623899013670968,0.9999469359465815
development,1000000000.0,M1,1,9,-0.24219425571578984,0.1562477715232425,0.6134462688135586,0.4444444444444444,0.6666666666666666,0.3477917934722658,0.8957867783392258,1.0,0.7623899013670968,0.9999469359465815,1.0,0.7623899013670968,0.9999469359465815
development,1000000000.0,M1,5,9,-0.07749080607597097,0.13248407065787376,0.5483725774510694,0.4444444444444444,0.6666666666666666,0.3477917934722658,0.8957867783392258,1.0,0.7623899013670968,0.9999469359465815,1.0,0.7623899013670968,0.9999469359465815
development,1000000000.0,M1,10,9,-0.04636766514484483,0.1306994471294095,0.5350629270399865,0.5555555555555556,0.6666666666666666,0.3477917934722658,0.8957867783392258,1.0,0.7623899013670968,0.9999469359465815,1.0,0.7623899013670968,0.9999469359465815
development,1000000000.0,M1,20,9,0.2084533592156627,0.09559097840820563,0.5312219203636115,0.4444444444444444,0.8888888888888888,0.5855307225594673,0.9877359123783805,1.0,0.7623899013670968,0.9999469359465815,1.0,0.7623899013670968,0.9999469359465815
development,1000000000.0,M2,1,9,-0.2953630440871102,0.17160083812656385,0.6659231829093422,0.4444444444444444,0.6666666666666666,0.3477917934722658,0.8957867783392258,0.8888888888888888,0.5855307225594673,0.9877359123783805,1.0,0.7623899013670968,0.9999469359465815
development,1000000000.0,M2,5,9,-0.06372908728691212,0.12967633405920412,0.5495997468115983,0.4444444444444444,0.6666666666666666,0.3477917934722658,0.8957867783392258,1.0,0.7623899013670968,0.9999469359465815,1.0,0.7623899013670968,0.9999469359465815
development,1000000000.0,M2,10,9,-0.0329963004690996,0.1294511314867549,0.5348720411386974,0.5555555555555556,0.6666666666666666,0.3477917934722658,0.8957867783392258,1.0,0.7623899013670968,0.9999469359465815,1.0,0.7623899013670968,0.9999469359465815
development,1000000000.0,M2,20,9,0.20776070935346203,0.09617074048517427,0.5325862233438072,0.4444444444444444,0.7777777777777778,0.45617556688065247,0.9506980770234059,1.0,0.7623899013670968,0.9999469359465815,1.0,0.7623899013670968,0.9999469359465815
development,1000000000.0,M3,1,9,-0.2953630440871102,0.17160083812656385,0.6659231829093422,0.4444444444444444,0.6666666666666666,0.3477917934722658,0.8957867783392258,0.8888888888888888,0.5855307225594673,0.9877359123783805,1.0,0.7623899013670968,0.9999469359465815
development,1000000000.0,M3,5,9,-0.040431680602125174,0.12907313260249864,0.5595024365356225,0.4444444444444444,0.6666666666666666,0.3477917934722658,0.8957867783392258,1.0,0.7623899013670968,0.9999469359465815,1.0,0.7623899013670968,0.9999469359465815
development,1000000000.0,M3,10,9,0.014810851109734267,0.12496311171423279,0.5339718671896523,0.5555555555555556,0.6666666666666666,0.3477917934722658,0.8957867783392258,1.0,0.7623899013670968,0.9999469359465815,1.0,0.7623899013670968,0.9999469359465815
development,1000000000.0,M3,20,9,0.2675405958091862,0.09098187696977154,0.5357983135450404,0.4444444444444444,0.6666666666666666,0.3477917934722658,0.8957867783392258,1.0,0.7623899013670968,0.9999469359465815,1.0,0.7623899013670968,0.9999469359465815
development,2000000000.0,M0,1,3,-0.4867247160125556,0.20754234638156724,0.6756097624416624,0.0,0.3333333333333333,0.038747617785165174,0.8232639028687426,1.0,0.46441675695704965,0.9998493639745635,1.0,0.46441675695704965,0.9998493639745635
development,2000000000.0,M0,5,3,-0.18637405158987852,0.14877619430615263,0.6069921767611951,0.3333333333333333,0.3333333333333333,0.038747617785165174,0.8232639028687426,1.0,0.46441675695704965,0.9998493639745635,1.0,0.46441675695704965,0.9998493639745635
development,2000000000.0,M0,10,3,-0.21252162837603686,0.16319454820666315,0.5944336270647853,0.3333333333333333,0.3333333333333333,0.038747617785165174,0.8232639028687426,1.0,0.46441675695704965,0.9998493639745635,1.0,0.46441675695704965,0.9998493639745635
development,2000000000.0,M0,20,3,0.13548608472645665,0.10571264881628706,0.5922425120076527,0.3333333333333333,0.6666666666666666,0.17673609713125732,0.9612523822148348,1.0,0.46441675695704965,0.9998493639745635,1.0,0.46441675695704965,0.9998493639745635
development,2000000000.0,M1,1,3,-0.4867247160125556,0.20754234638156724,0.6756097624416624,0.0,0.3333333333333333,0.038747617785165174,0.8232639028687426,1.0,0.46441675695704965,0.9998493639745635,1.0,0.46441675695704965,0.9998493639745635
development,2000000000.0,M1,5,3,-0.18293121216860378,0.1511268418204671,0.6061707918856704,0.3333333333333333,0.3333333333333333,0.038747617785165174,0.8232639028687426,1.0,0.46441675695704965,0.9998493639745635,1.0,0.46441675695704965,0.9998493639745635
development,2000000000.0,M1,10,3,-0.20341635896651264,0.1574861353707751,0.584808607654354,0.3333333333333333,0.3333333333333333,0.038747617785165174,0.8232639028687426,1.0,0.46441675695704965,0.9998493639745635,1.0,0.46441675695704965,0.9998493639745635
development,2000000000.0,M1,20,3,0.1568165593403705,0.10632633789351727,0.5791356832480865,0.3333333333333333,0.6666666666666666,0.17673609713125732,0.9612523822148348,1.0,0.46441675695704965,0.9998493639745635,1.0,0.46441675695704965,0.9998493639745635
development,2000000000.0,M2,1,3,-0.6185099474333197,0.23728477969737094,0.7009216236655762,0.0,0.3333333333333333,0.038747617785165174,0.8232639028687426,0.6666666666666666,0.17673609713125732,0.9612523822148348,1.0,0.46441675695704965,0.9998493639745635
development,2000000000.0,M2,5,3,-0.20415472115740427,0.15262536144184394,0.5706995370232197,0.3333333333333333,0.3333333333333333,0.038747617785165174,0.8232639028687426,1.0,0.46441675695704965,0.9998493639745635,1.0,0.46441675695704965,0.9998493639745635
development,2000000000.0,M2,10,3,-0.20202178689299308,0.15804831206887673,0.5511931786708593,0.3333333333333333,0.3333333333333333,0.038747617785165174,0.8232639028687426,1.0,0.46441675695704965,0.9998493639745635,1.0,0.46441675695704965,0.9998493639745635
development,2000000000.0,M2,20,3,0.15344570347986772,0.10388105589054426,0.5587804773762757,0.3333333333333333,0.3333333333333333,0.038747617785165174,0.8232639028687426,1.0,0.46441675695704965,0.9998493639745635,1.0,0.46441675695704965,0.9998493639745635
development,2000000000.0,M3,1,3,-0.6185099474333197,0.23728477969737094,0.7009216236655762,0.0,0.3333333333333333,0.038747617785165174,0.8232639028687426,0.6666666666666666,0.17673609713125732,0.9612523822148348,1.0,0.46441675695704965,0.9998493639745635
development,2000000000.0,M3,5,3,-0.20602312961646904,0.1558408698024494,0.5813007670540968,0.3333333333333333,0.3333333333333333,0.038747617785165174,0.8232639028687426,1.0,0.46441675695704965,0.9998493639745635,1.0,0.46441675695704965,0.9998493639745635
development,2000000000.0,M3,10,3,-0.18131147536859102,0.15863008443104595,0.552364427998146,0.3333333333333333,0.3333333333333333,0.038747617785165174,0.8232639028687426,1.0,0.46441675695704965,0.9998493639745635,1.0,0.46441675695704965,0.9998493639745635
development,2000000000.0,M3,20,3,0.19320073594172857,0.10133639851765551,0.5649375161406524,0.3333333333333333,0.3333333333333333,0.038747617785165174,0.8232639028687426,1.0,0.46441675695704965,0.9998493639745635,1.0,0.46441675695704965,0.9998493639745635
final,0.0,M0,1,244,-1.2243394687175508,0.445139487271232,0.3069503324823064,0.3073770491803279,0.39344262295081966,0.33369739350919664,0.4556990344767455,0.6680327868852459,0.6072366364181121,0.7248692399243593,0.889344262295082,0.8454334458348282,0.9240901342824471
final,0.0,M0,5,244,-1.1180211987748019,0.40527561504657206,0.3084957978456738,0.36065573770491804,0.4098360655737705,0.34948917892745107,0.4723078214957241,0.6844262295081968,0.6242035903320691,0.7403029603822675,0.8729508196721312,0.8268413120901499,0.9102793470384434
final,0.0,M0,10,244,-1.0500715688828473,0.38122736821404424,0.3277288491612467,0.3237704918032787,0.3770491803278688,0.31797716887480715,0.43901867206321127,0.6721311475409836,0.6114707703841242,0.7287352715925942,0.8729508196721312,0.8268413120901499,0.9102793470384434
final,0.0,M0,20,244,-0.8432905831704975,0.31563338500189797,0.33832464832098125,0.35655737704918034,0.38934426229508196,0.32976056677489385,0.45153571593509273,0.7049180327868853,0.645529543830401,0.7594779000323656,0.8934426229508197,0.850121423100588,0.9275030130030295
final,0.0,M1,5,244,-1.1143856324512327,0.40457951801320313,0.3069637904008874,0.36065573770491804,0.4098360655737705,0.34948917892745107,0.4723078214957241,0.680327868852459,0.6199541972677102,0.7364521818051633,0.8811475409836066,0.8361068672719101,0.9172151621368011
final,0.0,M1,10,244,-1.039412426490601,0.38051156934959823,0.3339514475603778,0.3237704918032787,0.38934426229508196,0.32976056677489385,0.45153571593509273,0.6721311475409836,0.6114707703841242,0.7287352715925942,0.8770491803278688,0.8314667925595619,0.9137545314058142
final,0.0,M1,20,244,-0.8337540431726812,0.3143258319466176,0.34108886036717645,0.35655737704918034,0.4057377049180328,0.34553460617720444,0.4681622523485599,0.7131147540983607,0.6540979165163847,0.767109903032342,0.8975409836065574,0.8548269573541132,0.9308983970580953
final,0.0,M2,1,244,-1.253709228216189,0.45396972969910226,0.2956404637314973,0.3073770491803279,0.38524590163934425,0.3258282361119328,0.4473679003639198,0.6516393442622951,0.5903495506486763,0.7093556806692126,0.8729508196721312,0.8268413120901499,0.9102793470384434
final,0.0,M2,5,244,-1.1439263882097088,0.41084238691333597,0.29620575341987315,0.36065573770491804,0.39344262295081966,0.33369739350919664,0.4556990344767455,0.6639344262295082,0.603007491906792,0.7209982206310179,0.8483606557377049,0.7993644423107058,0.8891528963080514
final,0.0,M2,10,244,-1.0410907972721188,0.3782354944847338,0.3171279845348474,0.3237704918032787,0.38934426229508196,0.32976056677489385,0.45153571593509273,0.6721311475409836,0.6114707703841242,0.7287352715925942,0.860655737704918,0.8130466942386078,0.899772178233385
final,0.0,M2,20,244,-0.8410305717309076,0.31460105656285275,0.3299983783901422,0.35655737704918034,0.3975409836065574,0.3376386913410761,0.45985788100945735,0.7172131147540983,0.6583905087122854,0.7709175031386516,0.8975409836065574,0.8548269573541132,0.9308983970580953
final,0.0,M3,5,244,-1.1120000961805567,0.4074313179212446,0.3068316807743943,0.36065573770491804,0.4057377049180328,0.34553460617720444,0.4681622523485599,0.680327868852459,0.6199541972677102,0.7364521818051633,0.860655737704918,0.8130466942386078,0.899772178233385
final,0.0,M3,10,244,-1.009005436503387,0.3748551422006844,0.3277672556510991,0.3237704918032787,0.3770491803278688,0.31797716887480715,0.43901867206321127,0.6762295081967213,0.6157099409737934,0.7325962685504999,0.8688524590163934,0.8222298294182975,0.9067902016790412
final,0.0,M3,20,244,-0.812672942900931,0.3128025048319003,0.3426094863361901,0.35655737704918034,0.4098360655737705,0.34948917892745107,0.4723078214957241,0.7213114754098361,0.6626888013514032,0.7747194059663405,0.8934426229508197,0.850121423100588,0.9275030130030295
final,500000000.0,M0,1,42,-0.80866138105121,0.29470115653584605,0.553509339006508,0.30952380952380953,0.4523809523809524,0.30920877646463557,0.6018694051838336,0.8333333333333334,0.7003878208280268,0.9222195222430397,0.9761904761904762,0.8940741824771816,0.9974188816309976
final,500000000.0,M0,5,42,-0.6020137238060711,0.24033088753452417,0.5088788317810626,0.2619047619047619,0.47619047619047616,0.3309535499906077,0.624585638144683,0.8333333333333334,0.7003878208280268,0.9222195222430397,0.9761904761904762,0.8940741824771816,0.9974188816309976
final,500000000.0,M0,10,42,-0.6309940016694504,0.246360497096319,0.499835495662471,0.23809523809523808,0.40476190476190477,0.26670629527599526,0.5554484569712203,0.8333333333333334,0.7003878208280268,0.9222195222430397,0.9523809523809523,0.8558996378223056,0.9899738585387104
final,500000000.0,M0,20,42,-0.5009096038892653,0.2232261587312631,0.5036620764274486,0.21428571428571427,0.42857142857142855,0.2877912208673181,0.578825556181584,0.8095238095238095,0.6725057779761543,0.9055974985464265,0.9285714285714286,0.821494583312559,0.979472078679193
final,500000000.0,M1,5,42,-0.5794945880740809,0.23596143867159808,0.500084785823813,0.2619047619047619,0.47619047619047616,0.3309535499906077,0.624585638144683,0.8333333333333334,0.7003878208280268,0.9222195222430397,0.9761904761904762,0.8940741824771816,0.9974188816309976
final,500000000.0,M1,10,42,-0.6275420892704979,0.24679779678831937,0.4959328238988786,0.23809523809523808,0.40476190476190477,0.26670629527599526,0.5554484569712203,0.8095238095238095,0.6725057779761543,0.9055974985464265,0.9523809523809523,0.8558996378223056,0.9899738585387104
final,500000000.0,M1,20,42,-0.48900951871218096,0.22096021208976255,0.4957746068691011,0.21428571428571427,0.4523809523809524,0.30920877646463557,0.6018694051838336,0.7857142857142857,0.6452781222129369,0.8883329106351728,0.9523809523809523,0.8558996378223056,0.9899738585387104
final,500000000.0,M2,1,42,-0.7516980330643366,0.2780031446357847,0.5222724197913091,0.30952380952380953,0.42857142857142855,0.2877912208673181,0.578825556181584,0.8333333333333334,0.7003878208280268,0.9222195222430397,0.9761904761904762,0.8940741824771816,0.9974188816309976
final,500000000.0,M2,5,42,-0.528009743287498,0.22473858161114713,0.44857754820005813,0.2619047619047619,0.5476190476190477,0.3981305948161663,0.6907912235353644,0.8571428571428571,0.729031164997883,0.9380978912509854,0.9761904761904762,0.8940741824771816,0.9974188816309976
final,500000000.0,M2,10,42,-0.5256975219770785,0.22666157461255873,0.44342754220734126,0.23809523809523808,0.47619047619047616,0.3309535499906077,0.624585638144683,0.8333333333333334,0.7003878208280268,0.9222195222430397,0.9523809523809523,0.8558996378223056,0.9899738585387104
final,500000000.0,M2,20,42,-0.40327101806924665,0.20688314475874162,0.4514301413474453,0.21428571428571427,0.5,0.35302240217553843,0.6469775978244615,0.8571428571428571,0.729031164997883,0.9380978912509854,0.9523809523809523,0.8558996378223056,0.9899738585387104
final,500000000.0,M3,5,42,-0.5096376409290558,0.22472061847266817,0.4546593723668712,0.2619047619047619,0.47619047619047616,0.3309535499906077,0.624585638144683,0.8571428571428571,0.729031164997883,0.9380978912509854,0.9761904761904762,0.8940741824771816,0.9974188816309976
final,500000000.0,M3,10,42,-0.4965590024793128,0.22472836067448082,0.4482841922295304,0.23809523809523808,0.42857142857142855,0.2877912208673181,0.578825556181584,0.8333333333333334,0.7003878208280268,0.9222195222430397,0.9523809523809523,0.8558996378223056,0.9899738585387104
final,500000000.0,M3,20,42,-0.39783608489737976,0.2070288934936951,0.4578834841891693,0.21428571428571427,0.42857142857142855,0.2877912208673181,0.578825556181584,0.8333333333333334,0.7003878208280268,0.9222195222430397,0.9285714285714286,0.821494583312559,0.979472078679193
final,1000000000.0,M0,1,18,-0.8623457673568257,0.30888759304231567,0.6018514912942733,0.4444444444444444,0.4444444444444444,0.23743160029519395,0.6678046541458583,0.7777777777777778,0.5542014068260661,0.9199779279837021,1.0,0.8714417881782404,0.9999730968826991
final,1000000000.0,M0,5,18,-0.5980570604866758,0.2391590489252867,0.5485017991973399,0.3333333333333333,0.5,0.2835712218417355,0.7164287781582644,0.7777777777777778,0.5542014068260661,0.9199779279837021,1.0,0.8714417881782404,0.9999730968826991
final,1000000000.0,M0,10,18,-0.6091666775111818,0.24032694644879374,0.5327324760545049,0.2222222222222222,0.4444444444444444,0.23743160029519395,0.6678046541458583,0.8888888888888888,0.688849136144016,0.9761754602619871,0.9444444444444444,0.768388191510474,0.9939386558346731
final,1000000000.0,M0,20,18,-0.45358976764481934,0.21459549547582413,0.5345742453176321,0.2222222222222222,0.4444444444444444,0.23743160029519395,0.6678046541458583,0.8333333333333334,0.6186434465103174,0.9507117694313367,0.9444444444444444,0.768388191510474,0.9939386558346731
final,1000000000.0,M1,5,18,-0.5657977726333546,0.23190122666262492,0.5467263669259755,0.3333333333333333,0.5,0.2835712218417355,0.7164287781582644,0.7777777777777778,0.5542014068260661,0.9199779279837021,1.0,0.8714417881782404,0.9999730968826991
final,1000000000.0,M1,10,18,-0.6077315394710738,0.23992370584448952,0.5293029367519015,0.2222222222222222,0.4444444444444444,0.23743160029519395,0.6678046541458583,0.8333333333333334,0.6186434465103174,0.9507117694313367,0.9444444444444444,0.768388191510474,0.9939386558346731
final,1000000000.0,M1,20,18,-0.43815889258431256,0.21254019546781233,0.5246048377755906,0.2222222222222222,0.4444444444444444,0.23743160029519395,0.6678046541458583,0.7777777777777778,0.5542014068260661,0.9199779279837021,0.9444444444444444,0.768388191510474,0.9939386558346731
final,1000000000.0,M2,1,18,-0.781759356045441,0.28959708201108425,0.5463003413868353,0.4444444444444444,0.5,0.2835712218417355,0.7164287781582644,0.8333333333333334,0.6186434465103174,0.9507117694313367,0.9444444444444444,0.768388191510474,0.9939386558346731
final,1000000000.0,M2,5,18,-0.5096660122257087,0.2239381155791105,0.456800294861545,0.3333333333333333,0.6111111111111112,0.38335404270757856,0.806186788505789,0.8333333333333334,0.6186434465103174,0.9507117694313367,0.9444444444444444,0.768388191510474,0.9939386558346731
final,1000000000.0,M2,10,18,-0.43364155070409344,0.2123905822793548,0.4435499550545443,0.2222222222222222,0.6111111111111112,0.38335404270757856,0.806186788505789,0.8888888888888888,0.688849136144016,0.9761754602619871,0.9444444444444444,0.768388191510474,0.9939386558346731
final,1000000000.0,M2,20,18,-0.30790665879145807,0.19488787628497045,0.4519773346592744,0.2222222222222222,0.5,0.2835712218417355,0.7164287781582644,0.8888888888888888,0.688849136144016,0.9761754602619871,0.9444444444444444,0.768388191510474,0.9939386558346731
final,1000000000.0,M3,5,18,-0.48655456635809435,0.22589007243587034,0.46331854226903907,0.3333333333333333,0.5555555555555556,0.3321953458541416,0.762568399704806,0.8888888888888888,0.688849136144016,0.9761754602619871,1.0,0.8714417881782404,0.9999730968826991
final,1000000000.0,M3,10,18,-0.3820290633806964,0.20847137961653184,0.45506753839683345,0.2222222222222222,0.5,0.2835712218417355,0.7164287781582644,0.8888888888888888,0.688849136144016,0.9761754602619871,0.9444444444444444,0.768388191510474,0.9939386558346731
final,1000000000.0,M3,20,18,-0.2980422676017913,0.1937090272858389,0.46394245644748494,0.2222222222222222,0.4444444444444444,0.23743160029519395,0.6678046541458583,0.8888888888888888,0.688849136144016,0.9761754602619871,0.9444444444444444,0.768388191510474,0.9939386558346731
final,2000000000.0,M0,1,4,-0.41863329777390534,0.18977344039351804,0.6729360321355774,0.75,0.75,0.2837516795634126,0.9715291049128532,1.0,0.5552373823423604,0.9998846672117617,1.0,0.5552373823423604,0.9998846672117617
final,2000000000.0,M0,5,4,-0.13233498246966646,0.1393676290170608,0.6094879057152778,0.5,0.75,0.2837516795634126,0.9715291049128532,1.0,0.5552373823423604,0.9998846672117617,1.0,0.5552373823423604,0.9998846672117617
final,2000000000.0,M0,10,4,-0.11017346625574814,0.13755924649897733,0.5839911986909606,0.25,0.75,0.2837516795634126,0.9715291049128532,1.0,0.5552373823423604,0.9998846672117617,1.0,0.5552373823423604,0.9998846672117617
final,2000000000.0,M0,20,4,0.1936459430149391,0.09396666413258073,0.5827857322353958,0.25,0.75,0.2837516795634126,0.9715291049128532,1.0,0.5552373823423604,0.9998846672117617,1.0,0.5552373823423604,0.9998846672117617
final,2000000000.0,M1,5,4,-0.10520058995546894,0.13299387071251667,0.6124004669916969,0.5,0.75,0.2837516795634126,0.9715291049128532,1.0,0.5552373823423604,0.9998846672117617,1.0,0.5552373823423604,0.9998846672117617
final,2000000000.0,M1,10,4,-0.13645207567051215,0.14383195822832298,0.5855921571653198,0.25,0.75,0.2837516795634126,0.9715291049128532,1.0,0.5552373823423604,0.9998846672117617,1.0,0.5552373823423604,0.9998846672117617
final,2000000000.0,M1,20,4,0.20488449842256706,0.09368384836367077,0.5764189990717286,0.25,0.75,0.2837516795634126,0.9715291049128532,1.0,0.5552373823423604,0.9998846672117617,1.0,0.5552373823423604,0.9998846672117617
final,2000000000.0,M2,1,4,-0.22099506482412787,0.148421587582971,0.6749530454914967,0.75,0.75,0.2837516795634126,0.9715291049128532,1.0,0.5552373823423604,0.9998846672117617,1.0,0.5552373823423604,0.9998846672117617
final,2000000000.0,M2,5,4,0.058810000984762245,0.10360620500897882,0.5618153507276179,0.5,1.0,0.5552373823423604,0.9998846672117617,1.0,0.5552373823423604,0.9998846672117617,1.0,0.5552373823423604,0.9998846672117617
final,2000000000.0,M2,10,4,-0.10472020376699737,0.13529826064103356,0.5265788907070389,0.25,0.75,0.2837516795634126,0.9715291049128532,1.0,0.5552373823423604,0.9998846672117617,1.0,0.5552373823423604,0.9998846672117617
final,2000000000.0,M2,20,4,0.23629550502223973,0.0887189874344261,0.52815228921173,0.25,1.0,0.5552373823423604,0.9998846672117617,1.0,0.5552373823423604,0.9998846672117617,1.0,0.5552373823423604,0.9998846672117617
final,2000000000.0,M3,5,4,0.06980059012806891,0.10271536802657966,0.5609691576656405,0.5,1.0,0.5552373823423604,0.9998846672117617,1.0,0.5552373823423604,0.9998846672117617,1.0,0.5552373823423604,0.9998846672117617
final,2000000000.0,M3,10,4,0.0026040104955709006,0.13261389339346807,0.5311925051876436,0.25,0.75,0.2837516795634126,0.9715291049128532,1.0,0.5552373823423604,0.9998846672117617,1.0,0.5552373823423604,0.9998846672117617
final,2000000000.0,M3,20,4,0.2723245391119131,0.08472227840106922,0.5350172290673705,0.25,0.75,0.2837516795634126,0.9715291049128532,1.0,0.5552373823423604,0.9998846672117617,1.0,0.5552373823423604,0.9998846672117617
