threshold,cutoff,scope,event,N,n,missing,pi,width,observed_rate,q_median,q_lo,q_hi,lower_median,upper_median,lower_lo,lower_hi,upper_lo,upper_hi
0.0,1,endpoint,positive,1340,1029,311,0.767910447761194,0.232089552238806,0.3129251700680272,0.31294690721812835,0.28572870361292435,0.34197067696325956,0.24031519964735376,0.47240475188615977,0.21941405672962622,0.2626028556680553,0.4515036089684322,0.4946924079068613
0.0,1,endpoint,loss20,1340,1029,311,0.767910447761194,0.232089552238806,0.48104956268221577,0.48143190997058205,0.4500987367388466,0.5119720421024754,0.36969659355203643,0.6017861457908424,0.3456355224658755,0.3931486800921247,0.5777250747046815,0.6252382323309308
0.0,1,joint_tape,positive,1340,903,437,0.6738805970149254,0.3261194029850746,0.31450719822812845,0.3145225261972896,0.2854571473217607,0.3446588487976495,0.211950627728472,0.5380700307135466,0.1923640328593656,0.23225891079423694,0.5184834358444402,0.5583783137793116
0.0,1,joint_tape,loss20,1340,903,437,0.6738805970149254,0.3261194029850746,0.48283499446290146,0.48264903415309623,0.450110474442706,0.5160009634206316,0.32524781928376567,0.6513672222688403,0.3033207152401221,0.3477230372901719,0.6294401182251966,0.6738424402752465
0.0,5,endpoint,positive,1340,1032,308,0.7701492537313432,0.22985074626865676,0.33430232558139533,0.3344095379563139,0.30621300902297455,0.3633866793591714,0.25754525609769846,0.4873960023663552,0.23582972038187291,0.2798619799243768,0.4656804666505297,0.5097127261930335
0.0,5,endpoint,loss20,1340,1032,308,0.7701492537313432,0.22985074626865676,0.4476744186046512,0.4476192911185516,0.41768737142987866,0.4778426325031977,0.3447336630107054,0.5745844092793622,0.32168161739972745,0.3680101468233582,0.5515323636683841,0.597860893092015
0.0,5,joint_tape,positive,1340,903,437,0.6738805970149254,0.3261194029850746,0.3333333333333333,0.3333915452320605,0.30353741964804926,0.365289481371078,0.22466609354070943,0.550785496525784,0.20454797756879736,0.2461614937896145,0.530667380553872,0.5722808967746891
0.0,5,joint_tape,loss20,1340,903,437,0.6738805970149254,0.3261194029850746,0.4529346622369878,0.4527259646530385,0.4207185522513373,0.4856587331931103,0.3050832433445476,0.6312026463296222,0.2835140691663863,0.3272759970696855,0.6096334721514609,0.65339540005476
0.0,10,endpoint,positive,1340,1033,307,0.7708955223880597,0.2291044776119403,0.33978702807357214,0.33950738356597776,0.31102640065399884,0.36916450648933435,0.26172472180869777,0.4908291994206381,0.2397688596086424,0.2845872650772257,0.46887333722058266,0.513691742689166
0.0,10,endpoint,loss20,1340,1033,307,0.7708955223880597,0.2291044776119403,0.40174249757986447,0.401648129710778,0.3715128186417311,0.4312930646472428,0.30962874476957736,0.5387332223815177,0.28639756840067776,0.33248189237358344,0.5155020460126181,0.5615863699855237
0.0,10,joint_tape,positive,1340,903,437,0.6738805970149254,0.3261194029850746,0.3399778516057586,0.3399413870399184,0.30978959228321423,0.3717305637123132,0.22907990484854202,0.5551993078336166,0.20876119539682275,0.25050201420314844,0.5348805983818974,0.576621417188223
0.0,10,joint_tape,loss20,1340,903,437,0.6738805970149254,0.3261194029850746,0.4097452934662237,0.40972205006922713,0.3793092337505047,0.44237612460274334,0.2761037397108299,0.6022231426959045,0.255609132893064,0.2981086869524457,0.5817285358781386,0.6242280899375203
0.0,20,endpoint,positive,1340,1036,304,0.7731343283582089,0.22686567164179106,0.35424710424710426,0.3543497606249133,0.32521728042774867,0.38386609821307355,0.2739599641846345,0.5008256358264256,0.25143664367399077,0.2967800580214509,0.4783023153157818,0.523645729663242
0.0,20,endpoint,loss20,1340,1036,304,0.7731343283582089,0.22686567164179106,0.3561776061776062,0.35607612293069224,0.32691340989924583,0.3854639877906428,0.27529467414641584,0.5021603457882069,0.2527479795937453,0.29801544130679547,0.47961365123553634,0.5248811129485865
0.0,20,joint_tape,positive,1340,903,437,0.6738805970149254,0.3261194029850746,0.3554817275747508,0.35502113332284135,0.325084231450322,0.38712773664372074,0.23924185327651176,0.5653612562615863,0.21906795596988116,0.26087787029050735,0.5451873589549557,0.5869972732755818
0.0,20,joint_tape,loss20,1340,903,437,0.6738805970149254,0.3261194029850746,0.35437430786268,0.35455366260775545,0.32363993783028056,0.3857299801990165,0.2389268338319427,0.5650462368170173,0.21809467452294282,0.2599359493430686,0.5442140775080174,0.5860553523281432
500000000.0,1,endpoint,positive,164,141,23,0.8597560975609756,0.1402439024390244,0.41134751773049644,0.4111278740775032,0.3326971210149169,0.4947916505377523,0.3534696966154143,0.4937135990544387,0.2860383784335566,0.42540013857209186,0.426282280872581,0.5656440410111162
500000000.0,1,endpoint,loss20,164,141,23,0.8597560975609756,0.1402439024390244,0.3617021276595745,0.3612469191471456,0.2854249872128273,0.44110344328526935,0.31058424146187513,0.45082814390089954,0.24539587315249176,0.37924137501965227,0.38563977559151613,0.5194852774586767
500000000.0,1,joint_tape,positive,164,136,28,0.8292682926829268,0.1707317073170732,0.4117647058823529,0.413292555570097,0.3336970338226642,0.49539666239082514,0.342730411936178,0.5134621192532511,0.2767243695114776,0.41081674442165983,0.4474560768285508,0.581548451738733
500000000.0,1,joint_tape,loss20,164,136,28,0.8292682926829268,0.1707317073170732,0.35294117647058826,0.3521430446351179,0.275678955653523,0.43550276899426843,0.2920210614047319,0.4627527687218051,0.2286118168834093,0.361148637702564,0.3993435242004825,0.5318803450196372
500000000.0,5,endpoint,positive,164,142,22,0.8658536585365854,0.13414634146341464,0.33098591549295775,0.33181742012209037,0.2583547093275678,0.41129237915749084,0.28730532717888313,0.42145166864229777,0.2236973702714307,0.35611901122172984,0.35784371173484536,0.4902653526851445
500000000.0,5,endpoint,loss20,164,142,22,0.8658536585365854,0.13414634146341464,0.3591549295774648,0.35852010496403763,0.28466691768574576,0.4420045013361087,0.3104259445420326,0.44457228600544724,0.24647989214253596,0.38271121457150875,0.3806262336059506,0.5168575560349233
500000000.0,5,joint_tape,positive,164,136,28,0.8292682926829268,0.1707317073170732,0.3382352941176471,0.3384794832113196,0.26169213528899876,0.41871210993754227,0.2806903031508504,0.45142201046792363,0.21701299023965748,0.3472246765335716,0.3877446975567307,0.5179563838506448
500000000.0,5,joint_tape,loss20,164,136,28,0.8292682926829268,0.1707317073170732,0.35294117647058826,0.35263109732813563,0.27554727363490805,0.4351201032426049,0.29242578802821,0.4631574953452832,0.22850261716065545,0.3608313051280138,0.39923432447772866,0.531563012445087
500000000.0,10,endpoint,positive,164,142,22,0.8658536585365854,0.13414634146341464,0.3591549295774648,0.35975377233430267,0.2839253677893874,0.44085963205353174,0.3114941199479938,0.44564046141140845,0.24583781845178662,0.3817199253146433,0.37998415991520124,0.5158662667780579
500000000.0,10,endpoint,loss20,164,142,22,0.8658536585365854,0.13414634146341464,0.36619718309859156,0.36697675201732116,0.2902592766210171,0.4474108568079722,0.3177481633320708,0.45189450479548543,0.25132205658649037,0.38739232723617106,0.385468398049905,0.5215386686995857
500000000.0,10,joint_tape,positive,164,136,28,0.8292682926829268,0.1707317073170732,0.36764705882352944,0.36829365907275,0.29082534702963503,0.4504624597198623,0.3054142538652073,0.47614596118228053,0.24117223900018514,0.37355423488964196,0.41190394631725835,0.5442859422067152
500000000.0,10,joint_tape,loss20,164,136,28,0.8292682926829268,0.1707317073170732,0.3602941176470588,0.36118434844708913,0.28443284009437725,0.44133420678464186,0.29951872798051293,0.47025043529758614,0.23587113568802015,0.36598446416287367,0.40660284300509336,0.5367161714799469
500000000.0,20,endpoint,positive,164,142,22,0.8658536585365854,0.13414634146341464,0.36619718309859156,0.3668570934762157,0.290202174957859,0.44709475170625934,0.3176445565464795,0.45179089800989414,0.2512726149025365,0.3871186264773709,0.38541895636595114,0.5212649679407855
500000000.0,20,endpoint,loss20,164,142,22,0.8658536585365854,0.13414634146341464,0.2746478873239437,0.2747830413517769,0.2060246911053699,0.3529215233614858,0.2379219016582458,0.3720682431216604,0.17838723254245442,0.30557839217884747,0.31253357400586906,0.4397247336422621
500000000.0,20,joint_tape,positive,164,136,28,0.8292682926829268,0.1707317073170732,0.375,0.3755505401275627,0.2986532770859265,0.45786524455874444,0.31143215522773493,0.48216386254480814,0.2476636931932073,0.37969312963408075,0.4183954005102805,0.550424836951154
500000000.0,20,joint_tape,loss20,164,136,28,0.8292682926829268,0.1707317073170732,0.2647058823529412,0.26496314603611604,0.19604202170853222,0.34320734309293255,0.2197255357372669,0.39045724305434015,0.16257143263634377,0.28461096744291964,0.333303139953417,0.45534267475999285
1000000000.0,1,endpoint,positive,68,63,5,0.9264705882352942,0.07352941176470584,0.5238095238095238,0.5234808678850851,0.3987867216062359,0.6448932375573129,0.4849896275994171,0.558519039364123,0.36946416854695385,0.5974746171486869,0.4429935803116597,0.6710040289133927
1000000000.0,1,endpoint,loss20,68,63,5,0.9264705882352942,0.07352941176470584,0.30158730158730157,0.3038021497288508,0.19803752033407826,0.42407582578879516,0.2814637563664353,0.3549931681311411,0.18347593795657252,0.3928937797749132,0.2570053497212783,0.46642319153961903
1000000000.0,1,joint_tape,positive,68,60,8,0.8823529411764706,0.11764705882352944,0.5333333333333333,0.5336563934412123,0.4070081418495553,0.6564678047041026,0.4708732883304814,0.5885203471540108,0.3591248310437253,0.5792362982683258,0.4767718898672547,0.6968833570918552
1000000000.0,1,joint_tape,loss20,68,60,8,0.8823529411764706,0.11764705882352944,0.2833333333333333,0.28345045136575364,0.17934487220255863,0.40798275279547647,0.2501033394403709,0.3677503982639003,0.15824547547284584,0.3599847818783616,0.2758925342963753,0.477631840701891
1000000000.0,5,endpoint,positive,68,64,4,0.9411764705882353,0.05882352941176472,0.390625,0.39093837815916777,0.2770233043352459,0.5105958577660301,0.36794200297333435,0.42676553238509907,0.26072781584493737,0.48056080730920475,0.3195513452567021,0.5393843367209694
1000000000.0,5,endpoint,loss20,68,64,4,0.9411764705882353,0.05882352941176472,0.28125,0.2831424645506816,0.18366127271015154,0.39677149296736247,0.266487025459465,0.32531055487122973,0.1728576684330838,0.373431993381047,0.23168119784484853,0.4322555227928117
1000000000.0,5,joint_tape,positive,68,60,8,0.8823529411764706,0.11764705882352944,0.4166666666666667,0.4158317155729086,0.29822661223777636,0.5413505119566001,0.3669103372702135,0.48455739609374293,0.2631411284450968,0.47766221643229423,0.38078818726862623,0.5953092752558237
1000000000.0,5,joint_tape,loss20,68,60,8,0.8823529411764706,0.11764705882352944,0.26666666666666666,0.2681709363994051,0.16839572991482668,0.3846338521270008,0.2366214144700633,0.35426847329359273,0.1485844675719059,0.3393828107002948,0.26623152639543535,0.45702986952382424
1000000000.0,10,endpoint,positive,68,64,4,0.9411764705882353,0.05882352941176472,0.375,0.375596986643817,0.26382446571764717,0.4961199525858537,0.3535030462530042,0.41232657566476894,0.24830537949896203,0.4669364259631564,0.30712890891072675,0.525759955374921
1000000000.0,10,endpoint,loss20,68,64,4,0.9411764705882353,0.05882352941176472,0.34375,0.34448305008213165,0.23806409526824499,0.46549464352323633,0.32421934125377094,0.38304287066553566,0.2240603249583482,0.4381126056689283,0.28288385437011293,0.496936135080693
1000000000.0,10,joint_tape,positive,68,60,8,0.8823529411764706,0.11764705882352944,0.4,0.39902657928898494,0.2822024183409646,0.5269093946414455,0.352082275843222,0.46972933466675143,0.24900213383026287,0.464920054095393,0.3666491926537923,0.5825671129189225
1000000000.0,10,joint_tape,loss20,68,60,8,0.8823529411764706,0.11764705882352944,0.3333333333333333,0.3346350970552723,0.22286285328457153,0.45574522092454606,0.29526626210759316,0.4129133209311226,0.19664369407462193,0.4021281361098936,0.31429075289815134,0.519775194933423
1000000000.0,20,endpoint,positive,68,64,4,0.9411764705882353,0.05882352941176472,0.375,0.3754068085568354,0.2659726959662583,0.4978385124314475,0.3533240551123157,0.4121475845240804,0.2503272432623607,0.4685538940531271,0.30915077267412544,0.5273774234648918
1000000000.0,20,endpoint,loss20,68,64,4,0.9411764705882353,0.05882352941176472,0.21875,0.21961833806360748,0.1302952417688116,0.33079614426053827,0.20669961229515998,0.2655231417069247,0.1226308157824109,0.31133754753933013,0.1814543451941756,0.37016107695109485
1000000000.0,20,joint_tape,positive,68,60,8,0.8823529411764706,0.11764705882352944,0.4,0.4001817374132115,0.28381376252608487,0.5257965704541053,0.3531015330116572,0.47074859183518664,0.2504239081112513,0.4639381504006812,0.36807096693478075,0.5815852092242106
1000000000.0,20,joint_tape,loss20,68,60,8,0.8823529411764706,0.11764705882352944,0.2,0.20189286364023512,0.1146482629962439,0.31180949141525893,0.17814076203550155,0.295787820859031,0.10116023205550932,0.2751260218369932,0.21880729087903875,0.39277308066052263
2000000000.0,1,endpoint,positive,21,21,0,1.0,0.0,0.47619047619047616,0.4763905768576351,0.27672024615035007,0.6830957669142999,0.4763905768576351,0.4763905768576351,0.27672024615035007,0.6830957669142999,0.27672024615035007,0.6830957669142999
2000000000.0,1,endpoint,loss20,21,21,0,1.0,0.0,0.38095238095238093,0.38115792246762725,0.20312297005783175,0.5870311245922888,0.38115792246762725,0.38115792246762725,0.20312297005783175,0.5870311245922888,0.20312297005783175,0.5870311245922888
2000000000.0,1,joint_tape,positive,21,20,1,0.9523809523809523,0.04761904761904767,0.5,0.49952726369134653,0.29385541924463726,0.706712525141962,0.4757402511346157,0.5233592987536634,0.27986230404251167,0.6730595477542496,0.32748135166155934,0.7206785953732973
2000000000.0,1,joint_tape,loss20,21,20,1,0.9523809523809523,0.04761904761904767,0.35,0.3538635763530591,0.17278057991536436,0.5666607674220607,0.33701292986005627,0.38463197747910394,0.16455293325272793,0.5396769213543435,0.2121719808717756,0.5872959689733912
2000000000.0,5,endpoint,positive,21,21,0,1.0,0.0,0.3333333333333333,0.33545299630388326,0.16321237883208792,0.5444431455246744,0.33545299630388326,0.33545299630388326,0.16321237883208792,0.5444431455246744,0.16321237883208792,0.5444431455246744
2000000000.0,5,endpoint,loss20,21,21,0,1.0,0.0,0.2857142857142857,0.2885414136983971,0.1311710900418908,0.49544345895135233,0.2885414136983971,0.2885414136983971,0.1311710900418908,0.49544345895135233,0.1311710900418908,0.49544345895135233
2000000000.0,5,joint_tape,positive,21,20,1,0.9523809523809523,0.04761904761904767,0.35,0.35122575150312735,0.1702457329862213,0.5651983854613775,0.33450071571726414,0.3821197633363118,0.16213879332021075,0.5382841766298833,0.20975784093925842,0.5859032242489309
2000000000.0,5,joint_tape,loss20,21,20,1,0.9523809523809523,0.04761904761904767,0.25,0.25415996318419265,0.10431413154401505,0.46695647353490555,0.2420571077944692,0.2896761554135169,0.099346791946681,0.4447204509856243,0.14696583956572867,0.49233949860467197
2000000000.0,10,endpoint,positive,21,21,0,1.0,0.0,0.2857142857142857,0.2897006277153546,0.13219340284903222,0.49994656368082063,0.2897006277153546,0.2897006277153546,0.13219340284903222,0.49994656368082063,0.13219340284903222,0.49994656368082063
2000000000.0,10,endpoint,loss20,21,21,0,1.0,0.0,0.38095238095238093,0.38217326924863815,0.20290033977687758,0.5976629326693726,0.38217326924863815,0.38217326924863815,0.20290033977687758,0.5976629326693726,0.20290033977687758,0.5976629326693726
2000000000.0,10,joint_tape,positive,21,20,1,0.9523809523809523,0.04761904761904767,0.3,0.30418249959943094,0.13500158400737847,0.515706314536735,0.2896976186661247,0.3373166662851724,0.12857293714988424,0.49114887098736665,0.17619198476893191,0.5387679186064143
2000000000.0,10,joint_tape,loss20,21,20,1,0.9523809523809523,0.04761904761904767,0.35,0.3527830588057346,0.177079769300947,0.565607073276235,0.33598386552927095,0.3836029131483186,0.16864739933423523,0.5386734031202238,0.2162664469532829,0.5862924507392715
2000000000.0,20,endpoint,positive,21,21,0,1.0,0.0,0.2857142857142857,0.28961774563387854,0.13164508556977,0.4970550701265844,0.28961774563387854,0.28961774563387854,0.13164508556977,0.4970550701265844,0.13164508556977,0.4970550701265844
2000000000.0,20,endpoint,loss20,21,21,0,1.0,0.0,0.09523809523809523,0.10178704721042026,0.020632668168338912,0.2668102767303291,0.10178704721042026,0.10178704721042026,0.020632668168338912,0.2668102767303291,0.020632668168338912,0.2668102767303291
2000000000.0,20,joint_tape,positive,21,20,1,0.9523809523809523,0.04761904761904767,0.3,0.3019884468113725,0.1374561056809057,0.5178246052213819,0.28760804458225947,0.33522709220130714,0.1309105768389578,0.4931662906870303,0.17852962445800546,0.540785338306078
2000000000.0,20,joint_tape,loss20,21,20,1,0.9523809523809523,0.04761904761904767,0.05,0.059313359961774045,0.005817068322966874,0.21114086346586636,0.05648891424930861,0.10410796186835629,0.00554006506949226,0.20108653663415843,0.053159112688539935,0.2487055842532061
