day,q10,q25,q50,q75,q90,variable,group
1,0.20543689230306525,0.33592956246716504,0.6096421363150548,1.1937966717967987,2.463736307335283,daily_ti,all
2,0.03568976872153551,0.0725605906783094,0.14680756865910122,0.4135281782472288,1.243449912222471,daily_ti,all
3,0.019643708002192603,0.04123273216291155,0.08587726464205178,0.23306812995862558,0.6282444073871687,daily_ti,all
4,0.015560256689838023,0.03469861140931117,0.06788114285714286,0.17497717965643744,0.5148296648947324,daily_ti,all
5,0.013374788660735727,0.030994657346513264,0.07635620468172132,0.19226737614075345,0.6173310415808113,daily_ti,all
6,0.010455746931543452,0.02254908062298231,0.0511709392786026,0.14763517721013453,0.5260645994956306,daily_ti,all
7,0.010117237577848041,0.021081548545264103,0.04367902977686179,0.12209515831398243,0.3796426070708889,daily_ti,all
8,0.008262586174849262,0.018558368369912107,0.042239090078527275,0.10478201424981241,0.35919720418858714,daily_ti,all
9,0.006956460655840778,0.016824034364232673,0.03736706329477225,0.09168985347814727,0.3122355649627025,daily_ti,all
10,0.0075543884417122965,0.015455624045775086,0.036013953882071764,0.09546228754546016,0.2864393846153849,daily_ti,all
11,0.006601938747457967,0.014123992679117046,0.032531073908828666,0.09420210604823043,0.3031967080850798,daily_ti,all
12,0.006662419849499263,0.015064860200022546,0.03215496712764406,0.08378215404229711,0.29123703447920485,daily_ti,all
13,0.0058696199660658475,0.012668913001036602,0.029948799611409505,0.08109019832596777,0.2538191746031746,daily_ti,all
14,0.00613601348027374,0.013990497844327049,0.03026646040725708,0.07904702620174334,0.2220815963058474,daily_ti,all
15,0.00513325910901005,0.012397463546232744,0.02746005642853415,0.07352093305090532,0.2412121810660033,daily_ti,all
16,0.0054911998143196104,0.011478832446461414,0.026454363055431324,0.0744874564576191,0.22166724661541004,daily_ti,all
17,0.006553511758575405,0.013951997562554587,0.030899000000000006,0.08005379784232253,0.19498321079633918,daily_ti,all
18,0.007168542680980541,0.01530676217041023,0.03273420028067976,0.08386064936988269,0.231259030603805,daily_ti,all
19,0.0067169280634069165,0.014583432794888815,0.03219671808107935,0.07594263436627685,0.23276910426914593,daily_ti,all
20,0.00563092971402466,0.01368189892204343,0.029121934178670247,0.0732300674977516,0.22444236039631,daily_ti,all
21,0.00606050519642077,0.013513398330892835,0.027989281435519747,0.07090781292517007,0.1887425727778876,daily_ti,all
22,0.005083089912303577,0.012151425607169065,0.026974501448301623,0.0664374429638061,0.1868136934169708,daily_ti,all
23,0.005479673988952696,0.012147699328766505,0.02747476888401889,0.06853078735764821,0.192801554526534,daily_ti,all
24,0.005139253635400394,0.010980906814497116,0.025072232059070044,0.06659325319798698,0.18734574743899304,daily_ti,all
25,0.004242813539919079,0.01093583002168188,0.025111947572769657,0.06372541325325551,0.1788287113308416,daily_ti,all
26,0.004445665939278172,0.011165326614463855,0.023620835332359588,0.06696657959206068,0.16789289652275316,daily_ti,all
27,0.004437023907680138,0.01074771127919777,0.025371484326757926,0.0613959087134016,0.19351046291193227,daily_ti,all
28,0.004340538071627284,0.010712239329397102,0.02408,0.06471536363636363,0.2068298512216191,daily_ti,all
29,0.004209803661707448,0.010513104415674736,0.024087038533099285,0.061103915530209746,0.18340238005758644,daily_ti,all
30,0.003876134241104126,0.010876455645007749,0.02469107999761733,0.07001428413976547,0.18592811230680467,daily_ti,all
31,0.004064507566723781,0.010131360310465218,0.023839024892667444,0.063279961898357,0.23216656924666298,daily_ti,all
32,0.004308248676786009,0.011103823626742643,0.02401653950142138,0.06458116936313177,0.2119523433440074,daily_ti,all
33,0.004152094461975963,0.011056321158154903,0.024326661934001105,0.06377557085550505,0.1959835769395229,daily_ti,all
34,0.0037805566773824136,0.010115920435269673,0.0241668,0.0675763041357893,0.1767136656736955,daily_ti,all
35,0.003916963686879066,0.010431147247067004,0.024896300332069396,0.06643373566902157,0.1747142239339011,daily_ti,all
36,0.00411820828853954,0.010843184571602698,0.02399532242084702,0.07180694372775205,0.1998645939453126,daily_ti,all
37,0.004032483881789368,0.010428092767176805,0.024136448350106046,0.06399788221164626,0.20837726993294453,daily_ti,all
38,0.003955031263082058,0.010608062274103599,0.02303728451540452,0.06320190783242483,0.2134520726830857,daily_ti,all
39,0.003805950378616873,0.009888505386992505,0.024083304584657284,0.06431082267407363,0.20919034415079787,daily_ti,all
40,0.003519674240112305,0.009077918689425828,0.024340200753211975,0.06442595007736363,0.22670797406076798,daily_ti,all
41,0.003595206993341233,0.009971999126355114,0.024450928381962864,0.06921790426586588,0.17015017453503087,daily_ti,all
42,0.0037791359523473996,0.009676715155177432,0.021930058880493937,0.05969510482986563,0.17591835683582635,daily_ti,all
43,0.0034215170549041643,0.009296234984230371,0.022529374730587005,0.06336453398328613,0.2143196401172756,daily_ti,all
44,0.003335623172623258,0.009794020087718965,0.02200560046195984,0.06123899165288565,0.18295838122762068,daily_ti,all
45,0.0032674976564037975,0.008613980314127604,0.02229028602236793,0.0627402110475769,0.2070989118953259,daily_ti,all
46,0.0032592251227063344,0.00869841389900496,0.023164999797940254,0.06090112916085834,0.1814073964834216,daily_ti,all
47,0.0031549440494791667,0.00863146787763943,0.022508055872387356,0.058396038049451954,0.17369356199744934,daily_ti,all
48,0.0032108890498479207,0.009047576202573501,0.022266713769095284,0.059629934776538114,0.16221661653644734,daily_ti,all
49,0.002919085744449071,0.009261088175468573,0.02143540508976689,0.05572799196543011,0.17503562102446563,daily_ti,all
50,0.0031223648487995006,0.008408156968870019,0.019578686762761165,0.06061793301003145,0.1865962452538487,daily_ti,all
51,0.0029810234316706144,0.007912049549549549,0.02139812555909157,0.05853344677122649,0.19075201702607467,daily_ti,all
52,0.0025760950925888897,0.008011243885403588,0.021198465947566934,0.05839630292710181,0.18851128857597196,daily_ti,all
53,0.002735618377321603,0.007843037387943268,0.02000555081755239,0.05628923340473815,0.18595034103031874,daily_ti,all
54,0.002725205877613405,0.007472453728030518,0.02123736025238037,0.055681823022480925,0.2001527196009367,daily_ti,all
55,0.002718584542651054,0.008012368433839677,0.020728999306360883,0.05770846156569495,0.20102291752802878,daily_ti,all
56,0.0028042400478786892,0.007976909292052532,0.02116952493429184,0.052446137787901095,0.18491102082331878,daily_ti,all
57,0.0024235334045410156,0.007898556176375759,0.020194823785702518,0.05722128488983427,0.1995391652099617,daily_ti,all
58,0.002609706998858737,0.007406013400185454,0.019947617278270775,0.058897077227892405,0.18210562995751525,daily_ti,all
59,0.0027450222990247942,0.007469583121021398,0.019591577925042396,0.05690391760802466,0.18008341872722763,daily_ti,all
60,0.0026552652094205226,0.007962068873845615,0.019626307546175444,0.05771793732269369,0.1806660061990721,daily_ti,all
1,,,,,,abs_return,all
2,0.007796020689956774,0.02136618360147735,0.05527321130586804,0.12581464493335592,0.2660283027537647,abs_return,all
3,0.0057373440372623825,0.018174809438197492,0.04486928942619528,0.09450817120544919,0.18443881572206405,abs_return,all
4,0.004957915415632475,0.014819341346127723,0.037160984360726346,0.08419512497519033,0.1551424149529788,abs_return,all
5,0.005199143624695779,0.013999464648490667,0.03617968364880775,0.076282324279908,0.14480759240344696,abs_return,all
6,0.004060654259990493,0.01215085903980051,0.03179677408199888,0.07609822450552206,0.14617574764967567,abs_return,all
7,0.00372667709895369,0.012465689734354024,0.03151639574837928,0.0706648453568891,0.13340912205231129,abs_return,all
8,0.003964243151812319,0.01247089026208792,0.03173249055479266,0.066068061359154,0.12291842275088859,abs_return,all
9,0.005151257738899506,0.011906968146368824,0.030554695543516974,0.06746573472784623,0.11858345425212627,abs_return,all
10,0.003982720827400432,0.011053363425562956,0.03009797444195428,0.06138426252383855,0.11520397626638271,abs_return,all
11,0.003512040777051384,0.009773633491988676,0.02631728354661167,0.05945443779752735,0.10642587487356214,abs_return,all
12,0.0038290222002817843,0.012857899895418079,0.029871955022371832,0.06373638916648583,0.11461911063678537,abs_return,all
13,0.004330521244671016,0.012469730504138576,0.03141621715187748,0.06272082396901069,0.11141352633392453,abs_return,all
14,0.00426400362184518,0.011203154746468047,0.030656124873869484,0.06388035905754641,0.10531146603836083,abs_return,all
15,0.004043690844994341,0.0117848941132217,0.027096958111509917,0.057900005215286265,0.10961057323925678,abs_return,all
16,0.003859557375533029,0.011054700504266268,0.027028672387919173,0.05687935600828209,0.1045770331462573,abs_return,all
17,0.004099410284196026,0.011417309196046999,0.02816372280125501,0.05965754076842189,0.10261793251538488,abs_return,all
18,0.0048626590432869765,0.014093645241553654,0.03352272627707542,0.0641512563526554,0.11254437072029394,abs_return,all
19,0.003438882973765489,0.013234474123584,0.03102029005668916,0.06554843562621199,0.1084986747964538,abs_return,all
20,0.004904600813453985,0.01233031921376404,0.029289070474111778,0.058222381254323746,0.10008350581246123,abs_return,all
21,0.00416660213023361,0.013433996590913155,0.029852989302822763,0.05634400587619437,0.10028876604088259,abs_return,all
22,0.004213501017752525,0.01312674819451165,0.029916766554547003,0.05832044978512568,0.09525658712487355,abs_return,all
23,0.004674783676685212,0.013188376364145382,0.03154840329987246,0.06146787509510121,0.10803589001467453,abs_return,all
24,0.005053321723952564,0.01273533991653042,0.028861535141062156,0.05901463613038754,0.09826785572575647,abs_return,all
25,0.004153552907829016,0.010204167339018078,0.02644717298695376,0.05754259281019625,0.0997072441270083,abs_return,all
26,0.004341067201779225,0.013425501731679473,0.02977212951384245,0.05873897346527435,0.0981871553870121,abs_return,all
27,0.004197857506838876,0.01323546432021172,0.03114674099038295,0.06174375661227072,0.10489738215070964,abs_return,all
28,0.0036942175584183446,0.012107724189385216,0.02806305903179629,0.057836971935324,0.10571350652963353,abs_return,all
29,0.004819345108931472,0.011054620256354397,0.028734731215414477,0.053921883584570396,0.10443786871422965,abs_return,all
30,0.004874743324915576,0.011744409492408736,0.028104941752796764,0.05765756222515328,0.10405716634093184,abs_return,all
31,0.0051134619320311716,0.013912291614392336,0.031162671974878986,0.06005351193808384,0.10712054742149202,abs_return,all
32,0.004422229441602177,0.012150151822665711,0.028953997800778453,0.06175067034345494,0.10669070120033468,abs_return,all
33,0.004507153600669067,0.012544864029301328,0.030771629315981652,0.059244392604024254,0.09837662976024285,abs_return,all
34,0.0044179475740330435,0.011702873945552472,0.029587957853458136,0.0561047069338384,0.1009331845997751,abs_return,all
35,0.005017590125219229,0.011872512792512335,0.02739899089412079,0.05813592787352684,0.10350371881350286,abs_return,all
36,0.004736662416644855,0.012527071303237935,0.030120282616452165,0.05830435859110818,0.09909961222135764,abs_return,all
37,0.0039183855409191,0.012182322708225723,0.028760112274754057,0.06041860761015305,0.10098194436311324,abs_return,all
38,0.0039793718165464405,0.011768607953030918,0.028675773017675432,0.06026708828509636,0.09400078163892113,abs_return,all
39,0.004445046736879998,0.012909809096717018,0.02938426593915988,0.05672348250867841,0.09464281544500931,abs_return,all
40,0.004395688943229281,0.013212548762269405,0.030226731609533708,0.05752283629131838,0.09903115516363546,abs_return,all
41,0.004636758716804668,0.014177609942756408,0.02991254993273218,0.06002061109767413,0.10147627086640637,abs_return,all
42,0.004080012079337702,0.011504717229396944,0.029853036004861,0.059324901760029886,0.09985123990965603,abs_return,all
43,0.004489756215091623,0.011184786539216729,0.026265500154654564,0.05741743883907158,0.09751971285929022,abs_return,all
44,0.004412634484479172,0.012913811580128831,0.029270355062651188,0.056511393271751253,0.09638586165667054,abs_return,all
45,0.004164980473309244,0.011778089360469979,0.026668292301427088,0.05678327013963169,0.09656663238576339,abs_return,all
46,0.004288141130474532,0.012167492290804605,0.0280228893383212,0.05654588994707371,0.10169288082680891,abs_return,all
47,0.003903018048387974,0.011474080611154458,0.02681996719399793,0.05424521852078855,0.09040765363606422,abs_return,all
48,0.0028479054406549418,0.010253472139957864,0.026660353858978247,0.053135130189170265,0.09120915467068295,abs_return,all
49,0.004328397539373407,0.01181122366263182,0.028894514906341984,0.057492683960374436,0.09659574176288986,abs_return,all
50,0.004924752177700231,0.013002504230587686,0.029185336610654478,0.05563503596937308,0.09182536984559786,abs_return,all
51,0.005208917436504912,0.01228719477455864,0.026863642269548293,0.05561951046434094,0.10207340096606013,abs_return,all
52,0.004216209299101692,0.011185227163703293,0.03072837911443216,0.05803171232528037,0.09573225985217089,abs_return,all
53,0.0046905932948058116,0.011886491386648768,0.026135546465556825,0.054741006173141704,0.08674414235031587,abs_return,all
54,0.004403342698451463,0.013252755169984226,0.030264569311655443,0.055544082317909194,0.09879584180907997,abs_return,all
55,0.0040696311474950585,0.011756203489968975,0.0278993105580998,0.05727015678819902,0.09531227491996498,abs_return,all
56,0.00420713190498665,0.012384212117716675,0.03109157496525139,0.057132627104437894,0.09954430155800732,abs_return,all
57,0.005153057111258264,0.013001269527980308,0.030771670044400068,0.05879086103424741,0.09800740400766067,abs_return,all
58,0.0034529910009184483,0.011729098164277474,0.02794588448382951,0.05688569864176496,0.09554937849051426,abs_return,all
59,0.00419704264729015,0.012035516640532151,0.028170876966695957,0.055182979472017446,0.09597202050687424,abs_return,all
60,0.004241246039388047,0.011934165148609566,0.028068792799857967,0.05510353986001329,0.09960664950273335,abs_return,all
1,0.20543689230306525,0.33592956246716504,0.6096421363150548,1.1937966717967987,2.463736307335283,cum_ti,all
2,0.2676682496538295,0.4255262254307119,0.8191241010482945,1.766515574953556,4.24778334022853,cum_ti,all
3,0.30219630060881,0.47832550090914705,0.9112813755254932,2.1292317632862243,5.067239792461398,cum_ti,all
4,0.33372701544929406,0.5252933340438507,1.0138529057679306,2.333117378014708,5.708854010165788,cum_ti,all
5,0.3618926454868963,0.5885006758421373,1.1322616269855499,2.5655772068767213,6.729431797236301,cum_ti,all
6,0.37705456101125345,0.6209119352664281,1.1992002410315905,2.7727436893694106,7.207500333891131,cum_ti,all
7,0.39251841594949455,0.6440675678649903,1.2447738210923938,2.980856271150007,7.756210831146588,cum_ti,all
8,0.4132354187163921,0.6715762201293756,1.3064252950525284,3.18813285075266,8.400255641332325,cum_ti,all
9,0.42706058204706776,0.7000422888480027,1.355277124706204,3.32309001036472,8.930406762735608,cum_ti,all
10,0.44503984464857765,0.7278416028851014,1.401496368075862,3.466599931896683,9.197464668091857,cum_ti,all
11,0.46461660626982393,0.7463532177389876,1.4234029128826027,3.5875779180602803,9.615049043896523,cum_ti,all
12,0.47767593502145783,0.7807830765799756,1.4939692393853852,3.837141683512245,10.011163499772278,cum_ti,all
13,0.49340160209144784,0.8033170027870831,1.5646384425040143,3.997213559875467,10.416361093925067,cum_ti,all
14,0.5051945118703423,0.8260842193852937,1.611836335045446,4.138939500011922,10.498483004856782,cum_ti,all
15,0.5128137865090825,0.8390596766276399,1.6640534306144714,4.367311688108482,10.966300784017594,cum_ti,all
16,0.5237547857767553,0.8581188215032127,1.690904150112596,4.51288377591108,11.595883768786186,cum_ti,all
17,0.5382953277236748,0.8850327438147445,1.7251738529193212,4.6144066677872715,12.2939825648532,cum_ti,all
18,0.5550328118837176,0.9107039535678605,1.8471102331383518,4.731713605788867,12.615208410018209,cum_ti,all
19,0.5658718034751158,0.9306087539075878,1.882957741553695,4.85787319153321,13.163395412300833,cum_ti,all
20,0.5894018368704409,0.9534638245567826,1.9290105636727182,4.980890216358746,13.945380927640787,cum_ti,all
21,0.5992783483024839,0.9846089178710009,1.9662963214204303,5.116232888405482,14.672562254835077,cum_ti,all
22,0.6121382534888437,1.0044956901483182,2.010359404812748,5.192162880621945,14.898312420048033,cum_ti,all
23,0.639941691546936,1.027564768506201,2.0441241666666667,5.345919907431293,15.190733402279438,cum_ti,all
24,0.6516897088673534,1.060665237909319,2.0983526446732608,5.485142344040811,15.692026540835293,cum_ti,all
25,0.6649902522297546,1.081650343218818,2.123599077001888,5.614759261565685,15.853895030342057,cum_ti,all
26,0.6687180463313255,1.1022744596160199,2.16114925142635,5.745860886418626,16.082581008994055,cum_ti,all
27,0.6919660220897766,1.1222917322338022,2.22328791913305,5.812476840684509,16.55730771611185,cum_ti,all
28,0.7190752896314022,1.1396907135092291,2.26697994617939,5.947565360552396,16.61929320850831,cum_ti,all
29,0.7330481879517838,1.159920969466162,2.3177680309405413,6.074360609188398,17.982359942857148,cum_ti,all
30,0.7498522036969542,1.1870891616073342,2.374866160537551,6.20396874349233,18.422986722870156,cum_ti,all
31,0.7649705124436773,1.2046751091655494,2.453585933672243,6.295384618800036,18.840908433511864,cum_ti,all
32,0.7744698509398968,1.2168112398044304,2.5159093503881103,6.372229959417725,19.771185423265504,cum_ti,all
33,0.7899265564182885,1.2393406854297921,2.5561156158828737,6.511968965639433,21.274322784000013,cum_ti,all
34,0.8011772022062815,1.2640530877021892,2.606872334448047,6.681492840895017,21.370461299970593,cum_ti,all
35,0.8060143944503604,1.305755099840467,2.6410842153810683,6.785822184505092,21.540329048840128,cum_ti,all
36,0.8164411506144652,1.3205297610868636,2.708021377977621,6.971080069511435,21.786240005020755,cum_ti,all
37,0.8238866325951314,1.3443974076306793,2.741712580080032,7.107977882670085,22.302523970192976,cum_ti,all
38,0.8311658495354938,1.3625230824371832,2.789199328953262,7.198137719080188,22.898092694624584,cum_ti,all
39,0.8332885592622151,1.3810068382519223,2.819210454545455,7.309208483763683,23.17763848412591,cum_ti,all
40,0.8697799242789462,1.4095894070414057,2.8758437366008467,7.45973232728757,23.982754012560015,cum_ti,all
41,0.8756888590758662,1.4299536869058815,2.9128652184039354,7.801537140880024,24.363427431860156,cum_ti,all
42,0.8921389729670174,1.4521988887857615,2.9377899777053766,7.950723661039444,24.830011242258475,cum_ti,all
43,0.8989177409481781,1.4688354503434127,2.978688603570571,8.077194903257647,25.184302589484215,cum_ti,all
44,0.9126578388006379,1.4834273897280834,3.01311736206228,8.186683763906183,25.349511569114757,cum_ti,all
45,0.9235083963643473,1.508826665400405,3.066586518518519,8.312957239354324,26.314701676238407,cum_ti,all
46,0.9297451368543539,1.5427972803124779,3.122715524437211,8.4262167631692,26.567699149721655,cum_ti,all
47,0.937471521463944,1.5592103214005593,3.1835522235214713,8.628204772564278,27.143009774358976,cum_ti,all
48,0.9497061007349855,1.5810231154054892,3.249,8.636774234056828,27.40037061766011,cum_ti,all
49,0.9637358939644185,1.609712521744873,3.3008959101977804,8.958420119442486,27.79659922233995,cum_ti,all
50,0.9744956252461673,1.656047375887748,3.34612175384249,9.124998809436839,28.504390546574033,cum_ti,all
51,0.9789821995028524,1.6691913364521296,3.391100179176569,9.155180068040252,28.905810740648775,cum_ti,all
52,0.9882547888637708,1.6810017487496394,3.431145714506745,9.31096850061887,29.401560137329657,cum_ti,all
53,0.9985718433436978,1.710872825371438,3.4827029357716057,9.651140747216399,29.94241385717352,cum_ti,all
54,1.0142824076373005,1.7296389939098005,3.5222035606037485,9.726486661831789,30.265841910326717,cum_ti,all
55,1.022594296224829,1.7512454188367803,3.5660115350785624,9.873870343424247,30.41998481876407,cum_ti,all
56,1.0441726622407628,1.796704727763059,3.6091459544196534,10.07877688614347,30.862547025100262,cum_ti,all
57,1.0485826888772132,1.8138243540239736,3.6476468181818187,10.35866287177623,31.946555391773135,cum_ti,all
58,1.0567365981923214,1.8291355314128408,3.67329824140625,10.471284967912819,31.98184031313211,cum_ti,all
59,1.0765984258851553,1.8469401359831066,3.7279169347597305,10.637263596860986,32.92150468826652,cum_ti,all
60,1.0902371253593308,1.8770320719178115,3.761048066126062,10.910569968354114,34.58888980091783,cum_ti,all
1,0.0,0.0,0.0,0.0,0.0,cum_rv,all
2,0.007796020689956774,0.02136618360147735,0.05527321130586804,0.12581464493335592,0.2660283027537647,cum_rv,all
3,0.021692634865865458,0.04397458016878718,0.08652186533034247,0.18036187401154896,0.3343051238520236,cum_rv,all
4,0.03332652967989054,0.056555980393055885,0.10950327140913461,0.20744147271204302,0.383279537747487,cum_rv,all
5,0.0424802116742701,0.0706751943047127,0.1301235903654787,0.2333820447144142,0.42576814327264556,cum_rv,all
6,0.05072942973389088,0.08117537025598631,0.14174809623005205,0.25739064688349045,0.48142046832419877,cum_rv,all
7,0.055307436614635226,0.09165768425487769,0.15280711527774293,0.27317781918446943,0.4999613851913142,cum_rv,all
8,0.06148402887872375,0.10016211861411015,0.1644751329361909,0.28787687438160836,0.5102239589499635,cum_rv,all
9,0.06645313100256055,0.10649136841636594,0.1764918468071419,0.29897880916416775,0.5354206309170063,cum_rv,all
10,0.06919204190444823,0.11196017575415275,0.18658896969634473,0.3113332769763325,0.5515170450864347,cum_rv,all
11,0.0728689428679472,0.11712839324876584,0.19192708486022264,0.3231123628381546,0.5746327310861342,cum_rv,all
12,0.07658313372093878,0.12162147780634011,0.20239174005415994,0.3440976813926418,0.5828621723300287,cum_rv,all
13,0.07856299625152101,0.13254712837780563,0.20987258794321262,0.3591420628984897,0.6007772476845684,cum_rv,all
14,0.08237610273962323,0.1374942353478369,0.21670967276758657,0.3651394089358462,0.6122830847062747,cum_rv,all
15,0.08826157309154625,0.14192481286940267,0.221915454573281,0.372109133210109,0.6371695854596245,cum_rv,all
16,0.09214871981257203,0.1456980245332363,0.22775360122106664,0.38289539830589814,0.6635970252759442,cum_rv,all
17,0.09520620176628626,0.15161408536800638,0.23494986575823912,0.3873521329341335,0.6639093387810944,cum_rv,all
18,0.09932037735572073,0.1588650413904209,0.24584763359300751,0.3958207075254594,0.68008735790054,cum_rv,all
19,0.10216045761737719,0.16398731946571088,0.24917605388378317,0.40555764217876583,0.7033715808628702,cum_rv,all
20,0.10783438830575495,0.16673086947267696,0.25928005195844595,0.4109615628372201,0.7106240747928877,cum_rv,all
21,0.11098043103507524,0.17089195651983413,0.2644843784707614,0.41599009365778417,0.7140197115604836,cum_rv,all
22,0.11774961556363385,0.1767437382132426,0.27055188314418643,0.41975981199088563,0.719029444741879,cum_rv,all
23,0.11932741957022273,0.18336918726476853,0.27557465730711683,0.4256569702001449,0.7281293908346783,cum_rv,all
24,0.12424497899824144,0.18847484172259515,0.286936809305353,0.43812568422716747,0.751499173316221,cum_rv,all
25,0.130856541631812,0.19568046153985422,0.29156926585401316,0.44663391187254586,0.7561176351718293,cum_rv,all
26,0.13190141606901307,0.2035080227211845,0.2962436082314487,0.45468063408648113,0.75794118667347,cum_rv,all
27,0.13477842962510372,0.20798586022473003,0.30409537828022837,0.4676320190914437,0.7617746506212052,cum_rv,all
28,0.13852665494321392,0.2114569052412672,0.3132222437102725,0.47226157500372834,0.7736678193690872,cum_rv,all
29,0.14065382252011127,0.21865473311600708,0.31882124225844005,0.4884379095410228,0.8005485186718244,cum_rv,all
30,0.1430232419924983,0.22267403770385788,0.3224477479422523,0.49225460634909524,0.8181825351645392,cum_rv,all
31,0.14758453001810573,0.2286535808826384,0.3287223256309721,0.5059925563093184,0.8372225477033282,cum_rv,all
32,0.15117254998405324,0.23204712187039006,0.33298727127934313,0.5189016901058837,0.8598367205588717,cum_rv,all
33,0.15505703085706252,0.23511764094062754,0.3384567400514295,0.5264454492926247,0.8700851896617477,cum_rv,all
34,0.15935374761273707,0.24177690995695367,0.3431493422751615,0.5274648403725894,0.88558923011536,cum_rv,all
35,0.1620228303732033,0.24440861848934414,0.34940040203918843,0.5362642651389639,0.8858726562535817,cum_rv,all
36,0.16621962466894102,0.24781672288126272,0.3554588780357282,0.5429546507309747,0.8925969768147265,cum_rv,all
37,0.16843023355235795,0.2556948877947052,0.35921427837287667,0.553184579711288,0.9126767498888587,cum_rv,all
38,0.16964434208678697,0.2590855754969653,0.3654353946532856,0.5554776128334631,0.9248699126941686,cum_rv,all
39,0.17256961462473983,0.26127315004780705,0.3709194613864729,0.5649403589806906,0.9308222800920644,cum_rv,all
40,0.17449372811893424,0.26474432369021306,0.37488507817912203,0.5740961526751287,0.9404732120910949,cum_rv,all
41,0.176354649901862,0.26805731087641715,0.38010576495348397,0.5788950289091338,0.9462321452022701,cum_rv,all
42,0.180682641408395,0.2706047263836024,0.38530113414667605,0.5920497189383382,0.9477635280667636,cum_rv,all
43,0.18461712582113443,0.27304422359047964,0.3910256273388765,0.5961127275089293,0.9521979202461224,cum_rv,all
44,0.18774282951495141,0.2771678428657381,0.3947589731566973,0.60049321748182,0.9543336557397744,cum_rv,all
45,0.19102658196551567,0.28224312882783054,0.39740785712137355,0.6091469541376318,0.9677133915569148,cum_rv,all
46,0.1946010630039264,0.2871775708541308,0.4000855210201733,0.6129094658078107,0.9849138734375447,cum_rv,all
47,0.197006541640885,0.2903845497795633,0.40532078519141207,0.6160004815396807,1.0067023160552173,cum_rv,all
48,0.19968738032660371,0.29554099793044386,0.40773150418624615,0.6177667702896046,1.0239529561746277,cum_rv,all
49,0.20229151131901285,0.2975780763475962,0.4150697825822296,0.6262706445847992,1.0259210592242602,cum_rv,all
50,0.20435630561008464,0.3016795643715632,0.42200515758354973,0.6337503602252129,1.0287700514672928,cum_rv,all
51,0.206742076807261,0.30291037327945364,0.425702522728427,0.6393548138332601,1.0415148189891348,cum_rv,all
52,0.206781583605575,0.3079236142292486,0.4289276913181781,0.6437660348969539,1.0523036476547092,cum_rv,all
53,0.2087211731043229,0.31004808459333477,0.43340517170779386,0.6489399871040997,1.068389278591643,cum_rv,all
54,0.21109785002288328,0.31252210034071465,0.43390721959851225,0.6545182098607144,1.070734121665871,cum_rv,all
55,0.21410638805606405,0.3135616760312998,0.4427367190138895,0.6605928607798808,1.0752902574955003,cum_rv,all
56,0.2147535165522952,0.3161014084358179,0.4468191229890629,0.6673710835496398,1.0764241264707926,cum_rv,all
57,0.2168640516965821,0.31777995881880705,0.45003445280331505,0.669559506226081,1.1080274420975418,cum_rv,all
58,0.22096214233544756,0.32208815088951637,0.453027374785704,0.6773736873675251,1.1185065809192527,cum_rv,all
59,0.2227797804511983,0.3258413843431188,0.45823100141712897,0.6884900029779778,1.1367545547155817,cum_rv,all
60,0.22624857554922603,0.3274132024469294,0.46135779941521243,0.6956287161141271,1.151751946628875,cum_rv,all
1,5.771745437958521,13.546938199798236,26.88355629321912,60.16270173468806,150.5795446659806,daily_ti_ratio,all
2,1.4441313831978668,3.195228615260789,6.761677142832917,18.85961343511808,67.21000742551543,daily_ti_ratio,all
3,0.891655394035564,1.9273544378594865,4.0280238718291494,10.173164878808455,37.466459819263186,daily_ti_ratio,all
4,0.7056443993609381,1.615081882619875,3.2962115288306375,7.688789485876146,26.215473443244516,daily_ti_ratio,all
5,0.5697272045622472,1.5555686715552375,3.7613380915276475,8.188070744685003,21.355425316589866,daily_ti_ratio,all
6,0.5143899132047703,1.1458163413603786,2.26478129210985,6.3344106789058525,22.75112058500266,daily_ti_ratio,all
7,0.47846394054301494,0.9679258808443034,2.034718613104749,4.853221751797795,16.05336021869107,daily_ti_ratio,all
8,0.38006858550063605,0.8386711810766286,1.980501309637392,4.765490743267918,11.778395101444291,daily_ti_ratio,all
9,0.36367051171377707,0.811035203709042,1.7127243977938968,4.06076826644926,13.588460432001488,daily_ti_ratio,all
10,0.37614982639108446,0.7647881655109005,1.5804540598770103,4.300566629497156,11.534833635591761,daily_ti_ratio,all
11,0.37039671235264865,0.7342057404822776,1.5492413028243583,3.8565879171797444,11.381827760177714,daily_ti_ratio,all
12,0.31892298220048415,0.723159651399963,1.5134271857446797,3.8032267331534837,11.371454308152517,daily_ti_ratio,all
13,0.3111545042200026,0.6901941956744654,1.4147921830088188,3.3197022877581697,11.009536974329837,daily_ti_ratio,all
14,0.32346197218563827,0.727598159386906,1.4440061808031517,3.2932569400433924,8.846168382407567,daily_ti_ratio,all
15,0.279513490282261,0.600998438444654,1.2705571985928539,3.0985887737225473,9.51086507642891,daily_ti_ratio,all
16,0.307295563846533,0.6508445047326364,1.3569090497865715,3.216852005590219,7.968565537626184,daily_ti_ratio,all
17,0.33416864993248935,0.6710309810291133,1.5109080343095018,3.1996633305141415,8.050854824519604,daily_ti_ratio,all
18,0.37303182583226036,0.8185644994907527,1.6924718648148023,3.4699069752182705,8.393759389519111,daily_ti_ratio,all
19,0.38275790761339806,0.7600132185317882,1.4967415662173644,3.0389238565131538,7.263293136102835,daily_ti_ratio,all
20,0.3102141716628444,0.6970037927882977,1.3958772282760874,3.089396530914034,8.15496655086098,daily_ti_ratio,all
21,0.32413589205827237,0.6759310728182324,1.3764766428814232,3.056820517201046,7.048011768251939,daily_ti_ratio,all
22,0.3313132810828187,0.688697619179287,1.290529487918484,2.5803097260267167,6.376196337363963,daily_ti_ratio,all
23,0.3387619598814828,0.6838566143656782,1.3673095896349927,2.707822351320352,5.741756274776183,daily_ti_ratio,all
24,0.3158070171710538,0.6495140670705783,1.2564537524037747,2.515194532549326,5.772233464712763,daily_ti_ratio,all
25,0.30719021754635983,0.6011046399522815,1.208215816726485,2.6040213918228896,5.236996673771579,daily_ti_ratio,all
26,0.347536853909414,0.605275278301374,1.190631349574617,2.348325125679697,5.186743230284682,daily_ti_ratio,all
27,0.31548481339004464,0.6589545395433845,1.2659822105316836,2.422740264522567,5.342748455159843,daily_ti_ratio,all
28,0.32571904152866893,0.620250881743228,1.2600607019842396,2.4272987077955253,4.786060351697065,daily_ti_ratio,all
29,0.30208017117046465,0.5720270414293598,1.1825255820593723,2.402497806504455,4.773878366212536,daily_ti_ratio,all
30,0.32468494486088656,0.6079608868232026,1.2035456108392386,2.375290877403764,6.055501565009426,daily_ti_ratio,all
31,0.34917833787906166,0.6395752276710407,1.138830184283543,2.238719479209888,5.341218915044211,daily_ti_ratio,all
32,0.3414004697371069,0.6103546397265245,1.1523037172149002,2.351355084510617,4.74484424305813,daily_ti_ratio,all
33,0.35711298744496867,0.6277615319618867,1.198338141464563,2.300480691878481,4.94777575028409,daily_ti_ratio,all
34,0.34368528415215593,0.6519108178392733,1.169111776454952,2.1711648357217386,4.373150685272181,daily_ti_ratio,all
35,0.33289200515312806,0.621806983864126,1.1981120773747862,2.238318947896997,4.862099840362164,daily_ti_ratio,all
36,0.36199685322332376,0.6515671390249222,1.254470426409904,2.302357502689651,4.53051447863251,daily_ti_ratio,all
37,0.3668877126361917,0.6480062647062159,1.1152346767625123,2.011106296500769,4.190205121445414,daily_ti_ratio,all
38,0.3874442760784636,0.6624484380125503,1.1807584568416487,2.091482176577828,3.7922148469927905,daily_ti_ratio,all
39,0.39277183303106383,0.7029923051905073,1.1961132782793369,2.01480045076049,3.8315023719538273,daily_ti_ratio,all
40,0.36156332540296215,0.6657602622264097,1.1126759905292052,1.9627906976744187,4.180751961975125,daily_ti_ratio,all
41,0.4291076225511914,0.7296527527212975,1.0988901830883826,1.9703141207262376,4.1158853067163745,daily_ti_ratio,all
42,0.40401207702713743,0.7271383155504573,1.090132166094251,1.8228729187652146,2.9348895756519964,daily_ti_ratio,all
43,0.435381632030987,0.7301568134914265,1.071043361485871,1.6825758891083449,3.0593471152079883,daily_ti_ratio,all
44,0.44644319114538156,0.743123146685882,1.032258042942716,1.641452638282862,2.7382340576614315,daily_ti_ratio,all
45,0.41006695682701755,0.7032377041148447,1.0482302652128057,1.7092611926917942,2.90990455592462,daily_ti_ratio,all
46,0.48298874666770586,0.7043002841873839,1.0402496521167413,1.72987012987013,2.8541632680255544,daily_ti_ratio,all
47,0.4449469297588127,0.709634108357265,1.0251069754934485,1.5865929795344165,2.64724395319636,daily_ti_ratio,all
48,0.4879079659480846,0.717789930513265,1.0307861795472162,1.5385274429473168,2.5217674524881186,daily_ti_ratio,all
49,0.45307249491205615,0.7142232967039879,1.0032839572432062,1.5360607826137593,2.3298045411695045,daily_ti_ratio,all
50,0.45110880714571705,0.6947879087984051,0.9762191985824342,1.48429605818052,2.543518366474293,daily_ti_ratio,all
51,0.46551451444424713,0.7083941845990172,1.0047752298421735,1.5009735175094987,2.487273531981828,daily_ti_ratio,all
52,0.44214559475193066,0.6824365501757923,0.9883333161813239,1.4621288894845386,2.3023272792460645,daily_ti_ratio,all
53,0.44190908647590904,0.6624197198817746,0.9794702489085658,1.4196135174980713,2.4028214670718224,daily_ti_ratio,all
54,0.4310378753828801,0.6470935117877563,0.9620601001580377,1.3555705316561222,2.4503850389576733,daily_ti_ratio,all
55,0.44323955526934444,0.6402716065545501,0.9589922221415554,1.4020869033162229,2.778137553618742,daily_ti_ratio,all
56,0.37750416086767125,0.6154081829332954,0.9714168613583744,1.4238351303446846,2.531179351710663,daily_ti_ratio,all
57,0.39684266035895444,0.6294566111745271,0.9618537091755045,1.4288926704245895,2.492165581895949,daily_ti_ratio,all
58,0.40394782586948397,0.6044578768417076,0.9435004146106665,1.3561185634297133,2.5182278926107355,daily_ti_ratio,all
59,0.37062072803042206,0.5900949994075522,0.9296937488558977,1.395626459493332,2.8091322086319748,daily_ti_ratio,all
60,0.3543717647695667,0.5906632379815456,0.9194534417477388,1.47125691974829,2.684469818886557,daily_ti_ratio,all
1,,,,,,abs_return_ratio,all
2,0.285104966819295,0.7825546500181064,1.8839365094762877,4.247743533393193,8.333648751009026,abs_return_ratio,all
3,0.19103123006333952,0.6069367212408316,1.5961322152675528,3.180085833811848,6.222984242838604,abs_return_ratio,all
4,0.17204181046936026,0.5397677401508059,1.341433147605615,2.661454796846562,4.934684212348051,abs_return_ratio,all
5,0.18096906113961997,0.49222583492915184,1.2663855450230386,2.708394264313913,4.6921845914398705,abs_return_ratio,all
6,0.1442424015003866,0.43977103758217395,1.123680556638857,2.3424268133238977,4.372549140328339,abs_return_ratio,all
7,0.15333560251595882,0.4165372456175343,1.1203769644459904,2.377645011906592,4.037789230580194,abs_return_ratio,all
8,0.15307652316965112,0.4349987004253669,1.0997757665807646,2.2370714560969347,4.011391467898383,abs_return_ratio,all
9,0.16290077821663795,0.44667673996802093,1.0400600052586624,2.100408046897594,3.9529694320442728,abs_return_ratio,all
10,0.1488760371054927,0.40318836686399223,0.9782942613054987,2.094560599861051,3.56667844310855,abs_return_ratio,all
11,0.13983341871974225,0.3470444837998906,0.9005182319292031,1.949877700013359,3.5654064901217626,abs_return_ratio,all
12,0.1514422391059273,0.42828604604507936,1.0370628016596342,2.0638266625833106,3.9144178959825946,abs_return_ratio,all
13,0.1424102667444336,0.4531693507397449,1.0206795782016185,2.1106222916109236,3.891005397684086,abs_return_ratio,all
14,0.1553146046023527,0.4403267987721085,1.1018682384245895,2.0059839311352072,3.449131503135614,abs_return_ratio,all
15,0.15073113215960354,0.4280864554413156,0.961363060466767,1.9391875287731493,3.73042580992688,abs_return_ratio,all
16,0.14466798645921206,0.388092088209375,0.8753994375836885,1.9076993284108763,3.450021148857009,abs_return_ratio,all
17,0.13843183910907014,0.42430087245236536,0.9568818388200263,2.01875402981169,3.3373430490936884,abs_return_ratio,all
18,0.1540623644508736,0.49090807793482827,1.1291512595677158,2.2420557496776397,3.8510901668570003,abs_return_ratio,all
19,0.13694367994259574,0.43026901265373385,1.0268370025710762,2.0840122138066097,3.9699293491354264,abs_return_ratio,all
20,0.17029684571348952,0.41256838903163473,0.9926139242060282,1.9949117366298177,3.409058164092971,abs_return_ratio,all
21,0.15240845869636468,0.4638830827800227,1.0050046803802655,2.029163875330103,3.5066044819552666,abs_return_ratio,all
22,0.15566188669082537,0.44736872022430124,1.0742412858447095,1.975605511287279,3.3300385756739956,abs_return_ratio,all
23,0.1628487274824522,0.45842674135288963,1.1142030210893437,2.048092532350617,3.722875187218593,abs_return_ratio,all
24,0.1709230433327474,0.43030803219299957,1.04068123333468,1.9603617708107781,3.4579300602600758,abs_return_ratio,all
25,0.14976399564833667,0.3774651648415378,0.9362203710308804,1.9480063036593624,3.1784348327912357,abs_return_ratio,all
26,0.15512216645841512,0.46534462000622023,1.0605584546649636,2.024064321970516,3.3798246409912647,abs_return_ratio,all
27,0.18088842456039866,0.46065293652644707,1.062641222135666,2.0743004623037296,3.5043884123118803,abs_return_ratio,all
28,0.1386716736345701,0.40511203539848467,0.9964371931963502,2.067529481139031,3.52765890356717,abs_return_ratio,all
29,0.17535507939478231,0.42167593159852157,0.9709263163591947,1.8040466420742183,3.3816729240467818,abs_return_ratio,all
30,0.1617519349436809,0.43775155899757356,0.9764200023647974,2.0581336752399295,3.440274683503831,abs_return_ratio,all
31,0.18748110481322453,0.48884171652314296,1.0218324334071263,2.2094440759506515,3.4238867473662906,abs_return_ratio,all
32,0.1567189280265214,0.44614935231976394,1.0371174750953047,2.0257180415219116,3.571171125326178,abs_return_ratio,all
33,0.167808827911232,0.4493668789206517,1.020388229418921,2.0393735446841954,3.536802897537057,abs_return_ratio,all
34,0.1734925070000904,0.4316627859807969,1.0574431289999866,1.9498515489549901,3.329645604845956,abs_return_ratio,all
35,0.17585450271605202,0.4100861566315013,0.9212751500720515,1.9212310319738752,3.29625461513137,abs_return_ratio,all
36,0.1773012185514092,0.4435062900882839,1.008300470581034,2.079825222585437,3.3939250660670957,abs_return_ratio,all
37,0.14535756077984804,0.41379279367543254,1.0186988310938545,2.022259347503482,3.3826923578860715,abs_return_ratio,all
38,0.17517547157721275,0.46187527919451726,1.0120498762416015,1.9091253246206814,3.076304842781737,abs_return_ratio,all
39,0.16656625799622637,0.4836023447502393,0.9977697713197856,1.991155997799346,3.1156034455763777,abs_return_ratio,all
40,0.1663618486432414,0.4577193107539832,1.0245952888584406,1.9592344810097813,3.216683826816704,abs_return_ratio,all
41,0.21009320687878716,0.5337611107562295,1.0477545369391366,1.8974798651887643,3.1561005280758567,abs_return_ratio,all
42,0.16448011193176718,0.4906816045806247,1.0047098305139703,1.8604642504397497,3.0610325218946186,abs_return_ratio,all
43,0.1626601557509961,0.4494128375476718,0.9975003953492002,1.7892115856643245,3.1777942585522094,abs_return_ratio,all
44,0.19920704792315175,0.521780763116356,0.9893664244076086,1.7574342645802106,2.9053506347469966,abs_return_ratio,all
45,0.20209316999250557,0.4631141167095417,0.9601178836776876,1.7299510947247119,3.107139556528443,abs_return_ratio,all
46,0.19536825668376254,0.46299936023997657,0.9993217560545615,1.7344220059438578,3.0144639480622644,abs_return_ratio,all
47,0.16382051014196342,0.47895855755762734,0.9763657486280238,1.6689971639266403,2.832611434560558,abs_return_ratio,all
48,0.13014112673722086,0.40795233019340515,0.9771665085744922,1.6773240724975023,2.867370427275597,abs_return_ratio,all
49,0.17705853844361644,0.45250552102733155,0.9864169485025642,1.8032952834474891,2.844604915842792,abs_return_ratio,all
50,0.19319629636406488,0.503108474728016,1.0061045808894857,1.6914759728779174,2.842860897784727,abs_return_ratio,all
51,0.20100811124960724,0.5189036080911453,0.9779072092128303,1.7098855249919251,3.0187625532969715,abs_return_ratio,all
52,0.1787413373408043,0.49662487341509387,1.035266000751967,1.86003072220378,2.8741928530200047,abs_return_ratio,all
53,0.20333852363563545,0.4595462578277234,1.001150826253915,1.6201950974493395,2.510797725083811,abs_return_ratio,all
54,0.17107742075350513,0.5377988937778324,1.0265094499826666,1.7977529161245809,2.859240991692573,abs_return_ratio,all
55,0.16981890345381026,0.48154593153008374,0.9934987516220567,1.691444807695364,2.8139319414103716,abs_return_ratio,all
56,0.18527110304147593,0.4664886188671994,1.0338773043321325,1.839126476245288,3.024138127201776,abs_return_ratio,all
57,0.19024081381459979,0.5526257184856422,1.0274630244317284,1.788186330940766,2.879365100580277,abs_return_ratio,all
58,0.14041582552156423,0.4474675408657197,0.9697347679653752,1.8176342145752442,2.9666180679492564,abs_return_ratio,all
59,0.17711457301222558,0.4524381659712795,1.0058580642515156,1.730525338216151,3.0210534892946974,abs_return_ratio,all
60,0.1949078220204766,0.44902827711569565,0.9798885774635161,1.814410888166254,2.819296587313733,abs_return_ratio,all
1,0.19471125996595767,0.418982857208275,0.668927527564518,1.1708475764852548,2.3838641266250664,daily_ti,$1bn+
2,0.07402077440798858,0.10230864744605972,0.2049269446894092,0.4693321960415982,1.0132001098764278,daily_ti,$1bn+
3,0.04122768803410094,0.07866714586750279,0.12999011027137883,0.32318281097818674,0.5534233028414077,daily_ti,$1bn+
4,0.03697070940217777,0.056475144567046845,0.09560862295736994,0.2772101092254513,0.5204677020166071,daily_ti,$1bn+
5,0.04036301789542431,0.10244990373121084,0.1619336001166152,0.27162153113103404,0.6865121183829671,daily_ti,$1bn+
6,0.022747862809422804,0.033485559774279854,0.0954179756143333,0.1774571061213489,0.38688208560247705,daily_ti,$1bn+
7,0.0151756204268663,0.03385820468276142,0.07887706544573893,0.1868814189161928,0.5096364856572057,daily_ti,$1bn+
8,0.017089364876246096,0.031236891315177404,0.0568894280775991,0.1333896537368925,0.47490822304660746,daily_ti,$1bn+
9,0.017806131692017415,0.026715363829289136,0.04661106075893955,0.15057243525266645,0.40918850951675384,daily_ti,$1bn+
10,0.014062890371645572,0.022566772254575762,0.046887607727858716,0.14983346522827148,0.2934195565023569,daily_ti,$1bn+
11,0.01272315405121267,0.01600326076034088,0.040855736584077026,0.11175867523820665,0.22787606760032206,daily_ti,$1bn+
12,0.010857407729887783,0.016536395206755334,0.04318186640058494,0.08591561389014069,0.26817078005695183,daily_ti,$1bn+
13,0.00868176216241886,0.015994864687871552,0.04455741753670932,0.12616797456374657,0.24133009878916273,daily_ti,$1bn+
14,0.009525439076734343,0.01704746818017413,0.03796358560344151,0.13306351779519468,0.19639578502761793,daily_ti,$1bn+
15,0.008126000637419431,0.01584154830354452,0.03481410069548739,0.10529168396334165,0.16164492195638408,daily_ti,$1bn+
16,0.009654139131405653,0.016688263024212373,0.03473105101886766,0.1033919555274773,0.19218936507216233,daily_ti,$1bn+
17,0.01152558344859323,0.022944847770045053,0.04420419222919044,0.11591063281714051,0.2543103067513152,daily_ti,$1bn+
18,0.013126314091474687,0.02193146313766272,0.051907374334399,0.1331394557878649,0.21439852354327713,daily_ti,$1bn+
19,0.00962826686150839,0.0251996601400552,0.0422132215371553,0.1036961444165779,0.22810256145217336,daily_ti,$1bn+
20,0.010802440239637508,0.025177402479568605,0.04719307224148063,0.10312480274816688,0.22629001547786745,daily_ti,$1bn+
21,0.012874391811281223,0.017967079619329047,0.0394648071204754,0.08046241535832126,0.18975120326714312,daily_ti,$1bn+
22,0.011409267036208865,0.023021720525221848,0.04129204595236352,0.11296386061204111,0.19735349826570966,daily_ti,$1bn+
23,0.01231938859640573,0.01988031227992306,0.03740524822755911,0.08820766183026092,0.21789859136109518,daily_ti,$1bn+
24,0.010418417404276091,0.015867519862444505,0.03475191869009668,0.11889583580493927,0.21531425800725046,daily_ti,$1bn+
25,0.010484254827886388,0.018824133871576144,0.04613949484944625,0.12631642801834994,0.31710635664043807,daily_ti,$1bn+
26,0.0075183151003824274,0.014185243941685508,0.04036129432917424,0.08875865795565012,0.22018522268763874,daily_ti,$1bn+
27,0.008033430483761539,0.01349135251331096,0.03821204696282557,0.11572725361510115,0.3505959263229403,daily_ti,$1bn+
28,0.0115412804883391,0.01818224526419836,0.04611891703706951,0.10623502701944829,0.39629409285222067,daily_ti,$1bn+
29,0.011057716486333045,0.01697413887324327,0.03928089389679924,0.13204157765174174,0.26840753271709644,daily_ti,$1bn+
30,0.009320985028024647,0.016139325438846195,0.03744334953078052,0.09003424870624546,0.27273316018870764,daily_ti,$1bn+
31,0.011865873777426166,0.01886979968922029,0.03569061808403352,0.06323436733140489,0.35835805729604164,daily_ti,$1bn+
32,0.008827189911304753,0.016262460482582106,0.031696503475089385,0.08392075800994775,0.24127328143501264,daily_ti,$1bn+
33,0.010162994393596374,0.019975627916233408,0.04093749117217156,0.08826034474262359,0.26012114193892716,daily_ti,$1bn+
34,0.009995832863561215,0.014922561775250958,0.04517815538647259,0.11310964928966603,0.22854158960179508,daily_ti,$1bn+
35,0.015746038163840313,0.019846909348584508,0.03501475070983988,0.10657741054344518,0.18158102646839444,daily_ti,$1bn+
36,0.013170265856229534,0.01790860537371169,0.042500393244588805,0.09589071774541597,0.16499448680364434,daily_ti,$1bn+
37,0.010783270049473999,0.018491632055785093,0.03270347375962394,0.08973597571532366,0.1978102487431101,daily_ti,$1bn+
38,0.009692985923858172,0.017147811721211135,0.03251378982796047,0.08229806010922137,0.1892124711823786,daily_ti,$1bn+
39,0.011335069533945058,0.016224544944863337,0.03586311648153472,0.09659365249485659,0.21506533786713544,daily_ti,$1bn+
40,0.011958232027634422,0.017931851728713175,0.03638820864942339,0.08947646299848902,0.2690976525652561,daily_ti,$1bn+
41,0.011657263097780816,0.02213471824151135,0.03701764266959422,0.10135199351449506,0.27158785564778354,daily_ti,$1bn+
42,0.011284080156648977,0.017551391667802622,0.039888354246381,0.08751306713305151,0.24848925333340152,daily_ti,$1bn+
43,0.01301815591832089,0.017934087437878315,0.03209134246362353,0.09497511115219646,0.22658744189537755,daily_ti,$1bn+
44,0.01176484864870233,0.015892486025542808,0.0337295037702354,0.09676775258461254,0.16474226513355913,daily_ti,$1bn+
45,0.011780878559728194,0.02065488916909407,0.04481923496278219,0.10335143392468374,0.16958972625228239,daily_ti,$1bn+
46,0.010325198005901369,0.021462767372713673,0.034595367863466495,0.10977425559112168,0.238435336699159,daily_ti,$1bn+
47,0.01063117567723422,0.01756230918337478,0.04014265365991912,0.10663909269116345,0.20893128427519306,daily_ti,$1bn+
48,0.010223280737383955,0.019063077536362383,0.03636791908450857,0.10162822090955467,0.17555850338859108,daily_ti,$1bn+
49,0.010749440531175656,0.01814515894860825,0.03653486639107655,0.09832764724200414,0.21583665176423084,daily_ti,$1bn+
50,0.008985033843754637,0.01534158337375096,0.049616937286452084,0.11933366104022242,0.21431473868436482,daily_ti,$1bn+
51,0.009209043751677864,0.014510321696304982,0.054447218614718615,0.0853285892501092,0.2657543010574383,daily_ti,$1bn+
52,0.008761716931031631,0.020017956695625616,0.05268082953475291,0.08620670066341202,0.2775933917495533,daily_ti,$1bn+
53,0.008781615647027568,0.018343191356658937,0.06552674407664633,0.1187720737688796,0.34563314723288435,daily_ti,$1bn+
54,0.010269229657943678,0.01816313259947713,0.04409163402892925,0.09555496167932101,0.32347869388385697,daily_ti,$1bn+
55,0.011776835459484101,0.01996328194793983,0.04267753416196329,0.09986084374795776,0.22953644450960756,daily_ti,$1bn+
56,0.010043820052387084,0.018038467718259184,0.04045382599564204,0.0992868300939333,0.3573511200521892,daily_ti,$1bn+
57,0.0108103039631634,0.019114688790639607,0.04151950234247819,0.11713215573981228,0.24125877998671477,daily_ti,$1bn+
58,0.010030924285975618,0.015559385927571535,0.03856776180232578,0.10108108178407937,0.2660942917521804,daily_ti,$1bn+
59,0.007472301338836159,0.014515212712389713,0.03318769839831888,0.10508197640077327,0.26039281375143974,daily_ti,$1bn+
60,0.008314967261189072,0.014729259651568218,0.03694744335722184,0.09210063278580637,0.1709196157978645,daily_ti,$1bn+
1,,,,,,abs_return,$1bn+
2,0.014936685520342951,0.025221417516765432,0.05487859484834212,0.10655900407838026,0.14590164436054934,abs_return,$1bn+
3,0.0033557100985226467,0.01697367402749672,0.049662402507880676,0.08152314948761086,0.11133553811082461,abs_return,$1bn+
4,0.002761017293371015,0.014381578823111196,0.03785409399832962,0.07087842133830358,0.1044972466772958,abs_return,$1bn+
5,0.005377595595348605,0.014528366717516783,0.03280660874179775,0.046454173487956996,0.09012977414131945,abs_return,$1bn+
6,0.005185238192436614,0.011416752718848011,0.03049204642290615,0.059117219800165266,0.10562034102542796,abs_return,$1bn+
7,0.007350995625661617,0.01277489736790327,0.024952992172208255,0.057312387791259356,0.09429637290927204,abs_return,$1bn+
8,0.006370126998309146,0.01435122485428042,0.027744362212164475,0.057976522654815454,0.09590149508745585,abs_return,$1bn+
9,0.005250373841952438,0.012627815650627539,0.025534990954774184,0.04544886289202543,0.0903533615717267,abs_return,$1bn+
10,0.0046763832380438694,0.011721041184726388,0.022644896135461723,0.05232638628708153,0.09741148284292873,abs_return,$1bn+
11,0.0042190070038504056,0.009362822942745153,0.02716805137197742,0.048007499626877115,0.0740499678840492,abs_return,$1bn+
12,0.004515071013681072,0.00700713160079991,0.024824987204631555,0.04447928226502984,0.06572712084634819,abs_return,$1bn+
13,0.005585937768170669,0.015448113843838485,0.030334508257562787,0.05473548742187373,0.07207945732857926,abs_return,$1bn+
14,0.0034575361405162043,0.008318892960542112,0.017423667383072106,0.0467399128467485,0.0695592061767398,abs_return,$1bn+
15,0.0037993177182674034,0.008706215080695023,0.01799954495206335,0.03726975025834911,0.06369980284185264,abs_return,$1bn+
16,0.002688115634794697,0.008030787958371977,0.017892760001613883,0.04297968695167653,0.07049974179515128,abs_return,$1bn+
17,0.004257075913875541,0.015006994271416385,0.0311301997778497,0.05101982151455908,0.06771306706385859,abs_return,$1bn+
18,0.004874140231593361,0.014972383813745549,0.03326125024875637,0.060188921104738835,0.08558760500709008,abs_return,$1bn+
19,0.0037433286835104607,0.012259517076799065,0.02613573801303959,0.04590337176060377,0.07127065137856596,abs_return,$1bn+
20,0.005982954986324707,0.01289455023691577,0.020457379103275164,0.04998445120336381,0.07502239444883826,abs_return,$1bn+
21,0.0070592415560320814,0.012399918773812302,0.023802560961431407,0.04162336092258845,0.07911009148070712,abs_return,$1bn+
22,0.0051710897589682505,0.015276620727030621,0.025744927468640322,0.047495637437408145,0.07334740137257399,abs_return,$1bn+
23,0.005277507159383754,0.014791766891729674,0.0253145010425444,0.04500723544985308,0.06957244291227553,abs_return,$1bn+
24,0.0034878584400383607,0.006633602991375387,0.02002136388621123,0.043419605367524206,0.0655400157434213,abs_return,$1bn+
25,0.004888944716828947,0.011132720789183148,0.02407720345319042,0.05818483400573682,0.0799278578030703,abs_return,$1bn+
26,0.0017522437566921847,0.011525351430497266,0.02591147821530493,0.04615672858549258,0.0726748280726846,abs_return,$1bn+
27,0.004990873336493085,0.011393610142993671,0.03168947740636052,0.04610370325095503,0.06955207862674505,abs_return,$1bn+
28,0.005404187671691974,0.012996395283177864,0.02677799078378018,0.053674124428671366,0.10912343569106123,abs_return,$1bn+
29,0.004807100980442014,0.008270283440049653,0.02215267714777669,0.03700186867901922,0.06871925434597916,abs_return,$1bn+
30,0.005715228198116496,0.015279700000509044,0.024553436781656446,0.04632192245706945,0.0689206669854079,abs_return,$1bn+
31,0.0035278871179558638,0.012419055102942389,0.023573932869122682,0.0464553516346814,0.0718372314617943,abs_return,$1bn+
32,0.0045990092492868674,0.007920327880846734,0.02203910293044653,0.04166526813802196,0.07510860565389303,abs_return,$1bn+
33,0.005286510797939093,0.0110826963550692,0.02116595803531829,0.04088525421676559,0.06539852491278975,abs_return,$1bn+
34,0.008743806681237488,0.020302048336097833,0.028421023754240604,0.042542086094146225,0.06910413444702265,abs_return,$1bn+
35,0.005085342946603832,0.011575980438779943,0.024310777232507075,0.042687599239543794,0.06504306243345669,abs_return,$1bn+
36,0.005924564047432979,0.010255091831017471,0.020891622546910904,0.04707093021150399,0.0756817855992392,abs_return,$1bn+
37,0.004671380745188581,0.011033086949030935,0.022909118024032393,0.041851776540712704,0.05988293352659362,abs_return,$1bn+
38,0.0038984095785361997,0.007588318476898781,0.016567547847525566,0.03951504831224739,0.05681713793460537,abs_return,$1bn+
39,0.004711702400874884,0.011276811258445152,0.03224939183339637,0.05577654158831313,0.08534746013322102,abs_return,$1bn+
40,0.004405660191725502,0.010941347202989449,0.01988519916453968,0.038433881692070515,0.06776739049611052,abs_return,$1bn+
41,0.0034399061323351797,0.010378235950688874,0.02565957204661662,0.03829718449261388,0.06353196389882207,abs_return,$1bn+
42,0.004444483411608813,0.010692290883583477,0.019895447356488072,0.04377280417932472,0.06547703528217551,abs_return,$1bn+
43,0.004013697779739989,0.009767958697332824,0.020545098779484405,0.03474691949079778,0.05083587677357203,abs_return,$1bn+
44,0.0055420322202008885,0.009955867844192667,0.0196457504195231,0.03370970725267952,0.04998239711371309,abs_return,$1bn+
45,0.003664853278109082,0.011145163422869642,0.02209588164386478,0.040927783148453356,0.06830183208143739,abs_return,$1bn+
46,0.003101535735605543,0.007985210731760839,0.01626418536215013,0.036886710959243674,0.05612887057613662,abs_return,$1bn+
47,0.0054113642811085775,0.009581852446673977,0.015519472696122305,0.035354818582032044,0.06714979966088941,abs_return,$1bn+
48,0.0027602028691326107,0.009691651447191196,0.021084125094949835,0.036251909949803984,0.06504264157620217,abs_return,$1bn+
49,0.006969847623209136,0.015328703214925521,0.02347157316825821,0.039358168962389195,0.06820841755613762,abs_return,$1bn+
50,0.003527187236270857,0.009046242434137652,0.025672896135571444,0.055379814995595966,0.094227336596961,abs_return,$1bn+
51,0.0037641891858311016,0.00909458542720698,0.02024083598536186,0.037895233791784166,0.06335965478262588,abs_return,$1bn+
52,0.006412327878771773,0.01151219929197178,0.026424803030408173,0.049094430238019626,0.09586550232443011,abs_return,$1bn+
53,0.00867116378806041,0.013519537974467255,0.023732138432238647,0.043866989947257684,0.06124583123473123,abs_return,$1bn+
54,0.004047698344239859,0.010820720676381956,0.020773411677188047,0.037465838696118414,0.06431589281713329,abs_return,$1bn+
55,0.0038752548490075256,0.009957888064617615,0.01831538313793457,0.03692768565791704,0.06992961724867174,abs_return,$1bn+
56,0.0070336742858081456,0.014888835959027347,0.027290491488421997,0.04957759612477175,0.08154150287659534,abs_return,$1bn+
57,0.006925410810217647,0.011122226592540252,0.020937084564630837,0.03547929429526919,0.08003070565232209,abs_return,$1bn+
58,0.0033913308554783584,0.0110360222674043,0.019470468454415357,0.04523092499025905,0.06633713967715114,abs_return,$1bn+
59,0.004166168658296199,0.009786996999202047,0.021934301632445363,0.04099482557015466,0.06615657847783996,abs_return,$1bn+
60,0.004597958184104956,0.00809311008818181,0.01611272789711804,0.0357986276757869,0.07056269623713864,abs_return,$1bn+
1,0.19471125996595767,0.418982857208275,0.668927527564518,1.1708475764852548,2.3838641266250664,cum_ti,$1bn+
2,0.2918144246140622,0.6017260051931264,0.8921559718652405,1.7625048943232455,2.954822993139123,cum_ti,$1bn+
3,0.3611737455946576,0.667569873446731,1.04200961911372,2.187830613912812,3.370516491642829,cum_ti,$1bn+
4,0.4274660569752943,0.7342925290788092,1.1370594308433801,2.4149088912718577,4.764801971687189,cum_ti,$1bn+
5,0.5067471434900852,0.7990996636869874,1.2619564776513037,2.726468178131436,5.117954014625529,cum_ti,$1bn+
6,0.5296318443804973,0.8710747047165333,1.3145297247443355,2.9719592588273094,5.496291550341071,cum_ti,$1bn+
7,0.5616300321240989,0.9389551542248816,1.3905632116876063,3.3447987310531513,6.072318599864049,cum_ti,$1bn+
8,0.5817379869617763,0.9753504100048727,1.4303009462638507,3.686500025482958,6.591892743476044,cum_ti,$1bn+
9,0.6232793767797293,0.9926923766344414,1.4582425144763016,3.8424349564949143,7.013054742238405,cum_ti,$1bn+
10,0.6392673737964475,1.0397523167209617,1.489814636919983,3.9444922901426893,7.265183574356402,cum_ti,$1bn+
11,0.675704864042798,1.0597312438840505,1.5157646900382324,4.031503191701827,7.381402598858105,cum_ti,$1bn+
12,0.6995019431668201,1.0696235571195947,1.5501375490397635,4.076720382395715,7.606861918766525,cum_ti,$1bn+
13,0.707858990875508,1.0796561867503551,1.5847408575457314,4.225951879009127,7.841050074784138,cum_ti,$1bn+
14,0.7250130398236182,1.092030611361415,1.6155948360101675,4.320806200979195,8.107088752263858,cum_ti,$1bn+
15,0.7477488161980981,1.1032243372331065,1.6507468499315276,4.4043993055662565,8.273916613833546,cum_ti,$1bn+
16,0.7534288971681611,1.1131570888983129,1.6793963848447722,4.456492510508095,8.41649652282461,cum_ti,$1bn+
17,0.7592047735779496,1.1444028275692617,1.7401245612908007,4.617908923652454,8.718613047438769,cum_ti,$1bn+
18,0.7653835128232266,1.1717791511889346,1.7941645201927063,4.735295138027695,8.854549392903886,cum_ti,$1bn+
19,0.838807887660781,1.2153623649067025,1.8280414347847833,4.842575356632254,8.991110613576357,cum_ti,$1bn+
20,0.8887387850236399,1.2487299636771456,1.8843141609977239,4.9759796136537915,9.501818659249523,cum_ti,$1bn+
21,0.8971555402379353,1.26596642378894,1.9418059367657792,5.058530976277639,10.072135090541384,cum_ti,$1bn+
22,0.9112590220567806,1.2949485500383504,1.9940846731621702,5.176042605189842,10.424638880727608,cum_ti,$1bn+
23,0.9245207233904094,1.3211835348407206,2.061711534944769,5.3222743984003005,10.597144334387009,cum_ti,$1bn+
24,0.9385730386698048,1.3543821591411842,2.096297033879681,5.502344229061679,10.939533535226987,cum_ti,$1bn+
25,0.9563392318949462,1.3819101180158795,2.1402712684392347,5.809553795825843,11.088623700404263,cum_ti,$1bn+
26,0.9670420110609218,1.4027785749937574,2.179964861999812,5.990187736919814,11.203508907884503,cum_ti,$1bn+
27,0.9799197310763489,1.4197422541815934,2.232838767257546,6.1894391533441775,11.341182808215352,cum_ti,$1bn+
28,1.0044402805886248,1.4403707692915153,2.3163658691731666,6.3676331672184325,11.44813133785082,cum_ti,$1bn+
29,1.0175280187574507,1.4714069363122584,2.382222050219595,6.538481170069885,11.571982950801909,cum_ti,$1bn+
30,1.0333111613122765,1.4844349672096264,2.4248293833521224,6.652663580826076,11.689426599882642,cum_ti,$1bn+
31,1.051427986041683,1.5057554223825553,2.471649871235531,6.707783401328483,12.174642854713602,cum_ti,$1bn+
32,1.0588130819791037,1.5134874311656312,2.4980535978241347,6.78160500689471,12.523366446477832,cum_ti,$1bn+
33,1.0653098342781309,1.5262536380550729,2.520820544507054,6.878258415540547,12.946990938549469,cum_ti,$1bn+
34,1.07971000469895,1.550610583716784,2.5501983920825886,6.9797459211570345,13.175841032908007,cum_ti,$1bn+
35,1.0992014140669983,1.5809195361320445,2.582022862849399,7.048339370091774,13.353596033092659,cum_ti,$1bn+
36,1.1321876552016237,1.6087782324904125,2.656033205101709,7.141076852882945,13.530849246448582,cum_ti,$1bn+
37,1.1530971288164453,1.628164161044822,2.6958153445534685,7.211311809579078,13.65728920484669,cum_ti,$1bn+
38,1.1648233958988798,1.6511650503838382,2.730417972139419,7.2783081391242685,13.841700744072336,cum_ti,$1bn+
39,1.1766062596502567,1.6666818248306539,2.747761356232509,7.38482952089586,14.050700568527375,cum_ti,$1bn+
40,1.1994435470076392,1.6862975918599041,2.773087544718676,7.433537445423278,14.183194640049361,cum_ti,$1bn+
41,1.2170271645183701,1.6980976803976493,2.7959537083523243,7.474252163230108,14.368001514435381,cum_ti,$1bn+
42,1.2234069919811674,1.7073279603819975,2.817937975104506,7.536443184923048,14.532343652157191,cum_ti,$1bn+
43,1.2376626031204132,1.7220345798736518,2.835680533175738,7.60823769428226,14.66037968673912,cum_ti,$1bn+
44,1.253267791659512,1.7347856485987887,2.856621891806016,7.726202179256644,14.819043291509429,cum_ti,$1bn+
45,1.2607909408803186,1.8014160702229338,2.8738177991875187,7.814892998939856,14.966535536405791,cum_ti,$1bn+
46,1.3847066975569668,1.8150710080935994,2.9034493384069036,7.931602365572201,15.190637235020327,cum_ti,$1bn+
47,1.4039411811823492,1.849169406987301,2.9384809036656847,8.058932040665809,15.571287787574523,cum_ti,$1bn+
48,1.4222385365119825,1.8655072900202874,2.9686151018752382,8.149086259469067,15.874509457927768,cum_ti,$1bn+
49,1.44254202376712,1.8775464797464383,2.9881970015643597,8.206903002786163,16.07646223151161,cum_ti,$1bn+
50,1.4494638623622742,1.9257044309641713,3.0061213010624055,8.897357368409423,16.25362061432208,cum_ti,$1bn+
51,1.460609310409893,1.9699972385220865,3.0320060019640698,8.95663169924818,16.408736425603653,cum_ti,$1bn+
52,1.4711086088828584,1.9926139333586494,3.0537070497312637,9.011832060610825,16.594128829826378,cum_ti,$1bn+
53,1.4786090632107607,2.0077259352613916,3.090562916298918,9.097269400669415,16.822748156033985,cum_ti,$1bn+
54,1.486617039304855,2.0741099132760095,3.1330170614582067,9.147933124178035,16.952522173178444,cum_ti,$1bn+
55,1.5059286588403624,2.163164722599806,3.162130889659429,9.27924349038458,18.468005756895785,cum_ti,$1bn+
56,1.5199545438516264,2.1754780070552693,3.197451921268028,9.388842019437678,18.7894204494151,cum_ti,$1bn+
57,1.5401142953554274,2.1933576322844104,3.2475978309091493,9.486417992193003,18.97057663510166,cum_ti,$1bn+
58,1.5540429746637232,2.2074397745440026,3.2763237140751658,9.606680593473737,19.18252872969606,cum_ti,$1bn+
59,1.5616086573141683,2.2271365464238935,3.3295185013811066,9.725832042252566,20.452486170164715,cum_ti,$1bn+
60,1.5665059589869834,2.240533028207206,3.3815447167653785,9.816127070280988,21.356140575892223,cum_ti,$1bn+
1,0.0,0.0,0.0,0.0,0.0,cum_rv,$1bn+
2,0.014936685520342951,0.025221417516765432,0.05487859484834212,0.10655900407838026,0.14590164436054934,cum_rv,$1bn+
3,0.021575692245314738,0.04480570411518786,0.09234525183041929,0.12655396569655272,0.2040242030757111,cum_rv,$1bn+
4,0.041037908917941276,0.0626981035456719,0.11046129529166361,0.15184335729554577,0.22851111946545055,cum_rv,$1bn+
5,0.04731002879740321,0.0733043139625993,0.12114511554183807,0.16064605384110411,0.2407477460145493,cum_rv,$1bn+
6,0.0506026918187741,0.08093636772442453,0.1313002944943833,0.16932130901931491,0.2461231816196265,cum_rv,$1bn+
7,0.054532842032644406,0.08202792347079943,0.13989612220698633,0.18856621692011646,0.2527278285580726,cum_rv,$1bn+
8,0.057559496691368534,0.0895378415904417,0.14665728971412118,0.19645453027839424,0.25713071613856037,cum_rv,$1bn+
9,0.05767474028537331,0.09162830712027291,0.14725985383353407,0.2044454775872223,0.27971143691354206,cum_rv,$1bn+
10,0.06797144878899798,0.10339703734802907,0.15330731575139617,0.21641589232641764,0.28562648362141557,cum_rv,$1bn+
11,0.07294471067355018,0.10521961846930591,0.15737214809528716,0.22358105133404366,0.28595052945474486,cum_rv,$1bn+
12,0.07594387192854156,0.10824229340472707,0.1608382323564317,0.2265829524135109,0.29969972361836317,cum_rv,$1bn+
13,0.0799462607083866,0.10923105917412736,0.16413480239677503,0.23143968375417417,0.368742030664335,cum_rv,$1bn+
14,0.08111126876769052,0.11005818116088781,0.16543172437756648,0.2381553113444257,0.3691693843975814,cum_rv,$1bn+
15,0.08301523338654525,0.11115071861823811,0.1662976366755917,0.24447107357871967,0.3716282065678881,cum_rv,$1bn+
16,0.08338372941986222,0.11319475204300881,0.17450071480203394,0.2448930453473079,0.37638189632321967,cum_rv,$1bn+
17,0.08342845184100489,0.11972461488767148,0.18162465549009157,0.2531260955082786,0.37745865889930763,cum_rv,$1bn+
18,0.08545026734372309,0.12300580211252429,0.18618193049375986,0.2636859020557276,0.3849835612955094,cum_rv,$1bn+
19,0.09124655926866654,0.1242993503034565,0.18692163792225483,0.26449886928015687,0.385140483948201,cum_rv,$1bn+
20,0.09194073130687823,0.12692588329960777,0.1998216597253929,0.26997025425558724,0.39203465473663274,cum_rv,$1bn+
21,0.0942810586235448,0.12898129922607268,0.20115310174626955,0.2834094432161926,0.399904009136517,cum_rv,$1bn+
22,0.1024236887550565,0.13456691093171813,0.20946056401925095,0.2909197831635568,0.40202026772141997,cum_rv,$1bn+
23,0.10481656058941707,0.137344425263939,0.21531069500762934,0.29109526325289214,0.4131543779540955,cum_rv,$1bn+
24,0.1102396002911457,0.14238208519252657,0.21791875309474995,0.29204676600340435,0.4229997250938914,cum_rv,$1bn+
25,0.11083885589821278,0.15105142152467277,0.2184274771198898,0.30079741309142943,0.4234249353100067,cum_rv,$1bn+
26,0.11711213640506657,0.1511836577884668,0.22678503000229633,0.31087651795542626,0.4269591350308609,cum_rv,$1bn+
27,0.12113708886924246,0.1514404960943309,0.23404624835760138,0.3110548788822348,0.42871540350048015,cum_rv,$1bn+
28,0.12172501729967242,0.15698800467814994,0.23795123560613063,0.3119702259477398,0.43373810112119005,cum_rv,$1bn+
29,0.12323695905098399,0.17080253079668903,0.23968994481317718,0.3239703917949004,0.4590267292710015,cum_rv,$1bn+
30,0.12496510305604704,0.1724297585925563,0.25327964939353104,0.32629441248403096,0.45910966800223985,cum_rv,$1bn+
31,0.12510653794189228,0.17250963598557678,0.2588697914232253,0.34767754240655174,0.4779561334451153,cum_rv,$1bn+
32,0.12685280972663066,0.17354614868729248,0.2606993896971361,0.34962686575430224,0.4784205931585525,cum_rv,$1bn+
33,0.12933164865318278,0.1789562103454705,0.2611315248763488,0.35294357998777715,0.4786334956021253,cum_rv,$1bn+
34,0.1299791536891434,0.18087223702899374,0.2645887700517464,0.3616955001612467,0.48428859415144954,cum_rv,$1bn+
35,0.13086645205348407,0.18107702501011153,0.26654398681620134,0.3634102017509439,0.4882035559964504,cum_rv,$1bn+
36,0.13370937369193106,0.19021230121488428,0.2709458332853048,0.36912840101722055,0.4947622617649491,cum_rv,$1bn+
37,0.13449213984192496,0.19104511054797646,0.27189981438727695,0.38911917004829194,0.4955043803319818,cum_rv,$1bn+
38,0.13508390415058433,0.19191835140969912,0.2730277368439289,0.3903055174617413,0.5026279551943706,cum_rv,$1bn+
39,0.135908668234946,0.19199094573195935,0.28003642163132203,0.39140833283489496,0.5086381252761444,cum_rv,$1bn+
40,0.13868388538159893,0.1922000041983508,0.28285672028923237,0.3982688004719633,0.5110081978350474,cum_rv,$1bn+
41,0.14145102825388461,0.2019608077921945,0.289177955720772,0.4022601774363296,0.511403433792272,cum_rv,$1bn+
42,0.1416822869236325,0.2034943429265855,0.29359814328572936,0.4074190049368915,0.5207686379041662,cum_rv,$1bn+
43,0.14570129939749876,0.20534233646494499,0.29377484124891207,0.4082563562707873,0.5211060840353587,cum_rv,$1bn+
44,0.14625637528618504,0.20552687098072023,0.29433621664560883,0.40830094744102036,0.5218055253696474,cum_rv,$1bn+
45,0.1470951360554974,0.2084372808523519,0.29665143537323085,0.40960090682957073,0.5221271855830616,cum_rv,$1bn+
46,0.1473131136573246,0.20960566320307103,0.29839906181244713,0.4098041355337232,0.5298183799380973,cum_rv,$1bn+
47,0.14926248549976417,0.21030641282483936,0.30181961335592555,0.41140566027166,0.5345046981261312,cum_rv,$1bn+
48,0.15029485607517248,0.210469694327452,0.3095925418370993,0.4118232692725333,0.5352987494452682,cum_rv,$1bn+
49,0.15185077482220374,0.21069889732031383,0.3110780224680882,0.41923762828587874,0.5387824705284203,cum_rv,$1bn+
50,0.15281431983354876,0.211485130508079,0.31403245562286985,0.42849966946236684,0.5391015581873201,cum_rv,$1bn+
51,0.15596004159622134,0.2116090759979286,0.3163681613685738,0.4397607634231897,0.5396980348014248,cum_rv,$1bn+
52,0.1562914029899986,0.21560191274806723,0.3189739316013551,0.44304674917239434,0.5422068630053585,cum_rv,$1bn+
53,0.15764331698590978,0.2173211380343508,0.32147726827015344,0.4476838921129491,0.5431459587370184,cum_rv,$1bn+
54,0.16155909003021401,0.21829197537784195,0.3269585136738675,0.4493235396166485,0.5616568936741205,cum_rv,$1bn+
55,0.16612704757137506,0.2188592039983075,0.32930844277599153,0.45007468712100607,0.5781533545328045,cum_rv,$1bn+
56,0.16922187938694394,0.22036023678831232,0.32953802757605033,0.45573576265611315,0.5812859512053428,cum_rv,$1bn+
57,0.1707346990444263,0.22122405686266475,0.33318607612176665,0.4575058656792637,0.5831815759125778,cum_rv,$1bn+
58,0.17105268526370324,0.22148560590906635,0.3347370012263348,0.46573528615879306,0.5837597457170297,cum_rv,$1bn+
59,0.17231633075284716,0.22180417818688525,0.3351634684603574,0.4672402004791377,0.5842275161985929,cum_rv,$1bn+
60,0.1730993958618365,0.22318254257873366,0.34184927193706416,0.46890166626092,0.5957531182278571,cum_rv,$1bn+
1,5.740295661595095,10.517874555383871,17.14398723298606,26.99836027763294,36.68746901512796,daily_ti_ratio,$1bn+
2,2.0636729904936377,3.3077941218207356,5.668727676212061,10.45460172370899,14.094393943161652,daily_ti_ratio,$1bn+
3,1.4472393507482404,2.0845611783314943,3.901888768731898,6.358035650918847,8.241361709963533,daily_ti_ratio,$1bn+
4,1.0355334826106133,1.9369293639834506,3.1459542340508615,4.876641720026022,7.8256245513433305,daily_ti_ratio,$1bn+
5,1.1112841152528063,2.2259427214224714,4.167106660278911,6.698127637558104,10.929633973810674,daily_ti_ratio,$1bn+
6,0.8734104911109389,1.2588308593914639,1.9471079127605946,3.342498722400142,5.903272838874939,daily_ti_ratio,$1bn+
7,0.7283545813114369,1.1361018295354999,1.8174705834085518,3.677238540321723,6.333568321264897,daily_ti_ratio,$1bn+
8,0.6227032193575254,0.9722497421441023,1.757565619324831,2.5177719234639984,4.774889412396571,daily_ti_ratio,$1bn+
9,0.4742442340817562,0.8987646375118428,1.4244885790555846,2.1347513684043182,3.4802420950840736,daily_ti_ratio,$1bn+
10,0.38970345346521823,0.7744176415356521,1.3059212369092592,2.1808627248475756,4.754879531761953,daily_ti_ratio,$1bn+
11,0.37915342051101925,0.5854308850384032,1.1313361716571277,1.861061596077776,4.147075719905652,daily_ti_ratio,$1bn+
12,0.31633542137306625,0.5516515945374807,1.0334010325919802,1.847251773106738,4.037727025516217,daily_ti_ratio,$1bn+
13,0.2984421094190566,0.6549636889763183,1.0321173419904164,1.8990305504665197,3.7832987569789034,daily_ti_ratio,$1bn+
14,0.35053330090526813,0.5798684683831796,0.9723734815417155,1.88168644496969,3.4923895099269147,daily_ti_ratio,$1bn+
15,0.30274130862239074,0.519232079467538,0.912924710813876,1.7078894747912141,2.9655485864466553,daily_ti_ratio,$1bn+
16,0.3313127910149824,0.5423374381912286,0.9435147376424522,1.742269271709885,2.670549402458565,daily_ti_ratio,$1bn+
17,0.4158965155246928,0.6523313094630745,1.2444363369275733,2.261556015375841,3.4895425906726385,daily_ti_ratio,$1bn+
18,0.4492010828767181,0.820177549168814,1.3433533588920037,2.009477553953461,3.572263740875821,daily_ti_ratio,$1bn+
19,0.4798391696090674,0.8636509256648974,1.2712699654284063,1.7788883810104839,2.869632681533715,daily_ti_ratio,$1bn+
20,0.440060001659661,0.8467786273465094,1.25599257867832,1.9500510141088612,3.157906832199401,daily_ti_ratio,$1bn+
21,0.3139443909564604,0.5936405540473766,1.021389328331959,2.0336414773121696,3.226480785762855,daily_ti_ratio,$1bn+
22,0.4762539057937007,0.6940780154642213,1.1663604512233496,1.7209487580311134,2.5690851437555375,daily_ti_ratio,$1bn+
23,0.37707612235347515,0.6816517126793005,1.1765399894301347,1.766076130747678,2.4301980722526833,daily_ti_ratio,$1bn+
24,0.3825331218967183,0.6124588424238355,1.0409419896026293,1.8206819503292424,2.5098247357321593,daily_ti_ratio,$1bn+
25,0.36920997891083035,0.6367686865831843,1.2732958520964885,1.9692573454766746,3.0974577261597487,daily_ti_ratio,$1bn+
26,0.34709557303485866,0.6010996495875803,0.9220250762605997,1.350399987485844,2.3071404141418355,daily_ti_ratio,$1bn+
27,0.34030935000983725,0.718624594960803,1.0622312253139239,1.5552253345366598,2.360927551092237,daily_ti_ratio,$1bn+
28,0.5408828332875615,0.7456643298267894,1.113594562287402,2.2177739297488386,3.702705517487514,daily_ti_ratio,$1bn+
29,0.5018126538696498,0.687918224808502,1.0334935886120482,1.6319877688043543,2.9045731137009625,daily_ti_ratio,$1bn+
30,0.3565986456419245,0.628468444336077,0.9593093632113242,1.5356103298556307,2.3900997040637972,daily_ti_ratio,$1bn+
31,0.40683809140700733,0.6086317440586279,1.070649023973488,1.5260925081892796,2.413735275059001,daily_ti_ratio,$1bn+
32,0.36890757986991146,0.5869758102674381,0.9627372374184229,1.28087265369302,2.145747469482628,daily_ti_ratio,$1bn+
33,0.4945704278387893,0.7399831524997713,0.9931416857249682,1.4077328283489259,2.3122386766035903,daily_ti_ratio,$1bn+
34,0.4345782679429826,0.688296682718438,0.9919762646784246,1.4920677952969998,2.676522628668329,daily_ti_ratio,$1bn+
35,0.4878762994867701,0.6640656042074286,1.0848047492795025,1.587482799582467,2.3891050443264215,daily_ti_ratio,$1bn+
36,0.4103964599500682,0.6746956842157297,0.9896366989908099,1.659415311716213,2.279943373674824,daily_ti_ratio,$1bn+
37,0.5259739386010734,0.6863586141114466,1.0436412880545258,1.2639891918062376,2.041087686775529,daily_ti_ratio,$1bn+
38,0.42281672257262354,0.629301744624769,0.9900189937567194,1.388423796653406,1.727024041067905,daily_ti_ratio,$1bn+
39,0.4593279956362601,0.6961156078952347,0.9407037180914742,1.333636142466682,1.8338982820887169,daily_ti_ratio,$1bn+
40,0.47959814558363045,0.7489341508939551,0.9426056705290085,1.5649910858743712,2.308791915878645,daily_ti_ratio,$1bn+
41,0.4973720497289232,0.6791403711092097,0.9896254835256431,1.512673481012207,2.5028436731000836,daily_ti_ratio,$1bn+
42,0.4589860133277532,0.7454614821685406,0.9885016860179395,1.5517081586130494,1.8682998347238007,daily_ti_ratio,$1bn+
43,0.5197476630515201,0.7101827992308708,0.9446835777615727,1.527175469633425,1.9579523553504528,daily_ti_ratio,$1bn+
44,0.5319719028431613,0.7351004593160211,1.0041091961510213,1.2512785887351445,1.6023444107820481,daily_ti_ratio,$1bn+
45,0.6297157961084173,0.7324485871728676,0.9982231857194183,1.2434991454582471,2.1870557827966204,daily_ti_ratio,$1bn+
46,0.5630606132612922,0.8094159605425515,1.0102613037101356,1.3534776473108532,1.8896586011584298,daily_ti_ratio,$1bn+
47,0.5261487970962009,0.6879481887613772,0.9893644107320683,1.4278693307212056,2.3684067243424334,daily_ti_ratio,$1bn+
48,0.5707511009103758,0.7656433181849669,0.977196033706409,1.2846927664551586,1.9074114691943858,daily_ti_ratio,$1bn+
49,0.6415360997987507,0.7313995529643141,0.9963488933576078,1.2851783569361936,1.8406084720648228,daily_ti_ratio,$1bn+
50,0.4894889941826531,0.704790739055497,0.9999409923768434,1.810801811629607,2.352260384362399,daily_ti_ratio,$1bn+
51,0.6236645055482601,0.7773004840611449,0.9934212712640702,1.3593991495532707,2.254448547099283,daily_ti_ratio,$1bn+
52,0.6515922812797939,0.9059496581244244,1.0478700696462373,1.3518623022021625,1.9297713241383054,daily_ti_ratio,$1bn+
53,0.6337358010040317,0.8117147913960868,1.0120934636766683,1.4534385141424162,2.835883577902199,daily_ti_ratio,$1bn+
54,0.6343230368857837,0.7377295468105807,1.0150462263469078,1.3211184236728455,1.9081518662405046,daily_ti_ratio,$1bn+
55,0.7040210462416682,0.880952292128751,1.0748240949612426,1.4849322724652676,1.7890450728162415,daily_ti_ratio,$1bn+
56,0.6168882420406102,0.75976586716729,1.0075267776701198,1.471714516213041,2.860282169436799,daily_ti_ratio,$1bn+
57,0.6263550668568881,0.8300757417615231,1.0183921680348114,1.310945856728644,1.9299596218797115,daily_ti_ratio,$1bn+
58,0.5575400161320174,0.7436457439212855,1.0133523290285185,1.2288640360194236,1.6119911554246076,daily_ti_ratio,$1bn+
59,0.5107233098455665,0.697098178868653,0.970224476948103,1.277350579196371,1.6390656472024165,daily_ti_ratio,$1bn+
60,0.4908356482021555,0.6679494335806189,0.8199479034414073,1.2042788164159346,1.8130016601008536,daily_ti_ratio,$1bn+
1,,,,,,abs_return_ratio,$1bn+
2,1.015161458093631,1.4388340590289985,2.051865784249255,3.8996342141000677,6.217177716074732,abs_return_ratio,$1bn+
3,0.16574441082735417,0.9698342726673914,1.88929622215873,3.8771410526315533,6.440060867466732,abs_return_ratio,$1bn+
4,0.20810443201186435,0.7325511471130802,1.656945777530078,2.722161313458772,3.465511888766513,abs_return_ratio,$1bn+
5,0.2748590017741563,0.511874410796484,1.3026363967393721,2.756128700178177,3.922937355150271,abs_return_ratio,$1bn+
6,0.2434626613943099,0.583180477399197,1.6644291786226013,2.5577146071782884,3.5310021456078817,abs_return_ratio,$1bn+
7,0.25299846460831876,0.6277617339714044,1.1369488708334725,2.6419008508010697,3.6826982135872504,abs_return_ratio,$1bn+
8,0.29979550847996006,0.7322453634137945,1.3417190199643896,2.1865963019192867,3.594018861886815,abs_return_ratio,$1bn+
9,0.3018454489294168,0.5317733888292858,1.0003132959472094,2.2179826892260905,3.4215755127789995,abs_return_ratio,$1bn+
10,0.2523621861334118,0.5812109597764119,1.0026857958122608,1.9955613249933322,3.2856523201259873,abs_return_ratio,$1bn+
11,0.2171347305314784,0.542839042141768,1.0309170118216495,2.388524229910419,3.0240453431473227,abs_return_ratio,$1bn+
12,0.17576631451865263,0.4418371823572431,1.1821697904347581,2.113991549872671,2.791245362547969,abs_return_ratio,$1bn+
13,0.24921772384419158,0.7179614623767789,1.1458146147250874,2.309929869711169,4.039036472554296,abs_return_ratio,$1bn+
14,0.19056156923542422,0.3831521721171419,1.0684271270483463,2.026079825182633,2.3681546330033765,abs_return_ratio,$1bn+
15,0.13234994655399637,0.4346274832931754,0.9032946521491431,1.6462639807447534,2.551877763941163,abs_return_ratio,$1bn+
16,0.18686354152839169,0.3857683912079369,0.8088770219986975,1.6719228862584294,2.3163606251356543,abs_return_ratio,$1bn+
17,0.2501864368359306,0.6676884313315221,1.1337989881895099,2.3380023155934047,3.6696522990428604,abs_return_ratio,$1bn+
18,0.2830208555509046,0.7604729362340293,1.4473169130163066,2.3133380235569287,4.489587012060492,abs_return_ratio,$1bn+
19,0.1511770310268734,0.5557371155306153,1.2694438732273094,2.152535629261156,2.9191330598298353,abs_return_ratio,$1bn+
20,0.3343675385087843,0.6540059275207561,1.0150483364130825,1.6117472122364984,2.986799829460459,abs_return_ratio,$1bn+
21,0.26986007870826156,0.5830453696845547,1.0294875736497504,1.85766539614304,3.205204862110435,abs_return_ratio,$1bn+
22,0.3035604749733397,0.5052330788824333,1.3092041780484047,2.1591339346530467,3.3507475681497407,abs_return_ratio,$1bn+
23,0.2482545932852905,0.5869379630955527,1.1030916027873305,2.076268460034889,3.4470901219205605,abs_return_ratio,$1bn+
24,0.14933371887100563,0.33921480492981126,1.0064610322679122,1.9522743594099021,3.2584253941130266,abs_return_ratio,$1bn+
25,0.29056313640922854,0.5964597710695443,1.1890304803104939,2.0846804451495,2.7907878899753253,abs_return_ratio,$1bn+
26,0.13683330722118162,0.516619918396719,0.9714014436039347,2.0575865756303906,3.4220346216046846,abs_return_ratio,$1bn+
27,0.22819972073535955,0.7106074503927488,1.140615214133804,2.175504432018796,2.7244027480887327,abs_return_ratio,$1bn+
28,0.18869190188050347,0.6840802343341679,1.3442955100763756,2.38601316775563,4.106486120862215,abs_return_ratio,$1bn+
29,0.19530148331175573,0.36212817911542905,1.1335060597086233,1.5074785147515395,2.0712976981854356,abs_return_ratio,$1bn+
30,0.2670694856625262,0.6212161425259061,1.2372930736451897,1.979237791514643,2.999541820967544,abs_return_ratio,$1bn+
31,0.18887826236659247,0.5049717983092695,1.1367213155167704,2.3927313838185262,3.2973218630225127,abs_return_ratio,$1bn+
32,0.2742722507193172,0.44753026632209,0.96616227035874,2.065228722878195,2.666269803131362,abs_return_ratio,$1bn+
33,0.25372280258671764,0.5150116554274515,0.9277937426647437,1.7774304394739096,2.6940566056566935,abs_return_ratio,$1bn+
34,0.35836129364701075,0.7457885434614582,1.296036361483712,1.7740707177249484,2.802276592076864,abs_return_ratio,$1bn+
35,0.234287822987797,0.6339507699870561,1.0904838418392475,1.7404210597236924,2.4109990995354305,abs_return_ratio,$1bn+
36,0.23133656690728815,0.5973077073519891,1.0710572313876887,1.8170658436519627,3.2007750569837765,abs_return_ratio,$1bn+
37,0.16041693934829587,0.49347583253854455,0.882110926264138,1.8681960828536623,3.030608492728091,abs_return_ratio,$1bn+
38,0.23748202920081085,0.3387930413704565,0.7080531944380114,1.6535319135880415,2.5132635475391063,abs_return_ratio,$1bn+
39,0.28565040751029597,0.5912397921563376,1.243138758132353,2.2265407476417804,2.851562143821947,abs_return_ratio,$1bn+
40,0.17400912466212431,0.4764566751380287,1.0531512253271549,1.644429614041293,2.545221407221896,abs_return_ratio,$1bn+
41,0.10193847940762943,0.5535107025781321,1.045390115873645,1.8959341539357069,2.8368900488869624,abs_return_ratio,$1bn+
42,0.3866775793789764,0.5941822517134455,0.9744187472253893,1.6068313508701504,2.611650840391732,abs_return_ratio,$1bn+
43,0.23125802252081928,0.42357829304197653,0.9033660424850808,1.510058334554975,2.401932713411743,abs_return_ratio,$1bn+
44,0.23388356250939027,0.5637517484250355,0.9332621722699914,1.4283580535281502,2.0549111206456554,abs_return_ratio,$1bn+
45,0.15242777780914976,0.5584958054957442,0.9854425205623876,1.4743771920294924,2.5133925098335665,abs_return_ratio,$1bn+
46,0.12745065252769233,0.4612986991682162,0.7534431764504768,1.3265538181381906,2.818315447990427,abs_return_ratio,$1bn+
47,0.24406027216968856,0.4479553595467344,0.9550123448377242,1.3066105887207535,1.863633615231389,abs_return_ratio,$1bn+
48,0.08881885917822734,0.4619649878599953,1.0066290637340718,1.73357733398147,2.5493162648496432,abs_return_ratio,$1bn+
49,0.3639417775560404,0.7623972933309312,1.099966370886159,1.7076432953755418,2.226493051272304,abs_return_ratio,$1bn+
50,0.1922180763609679,0.6974064934173054,1.1519445226774194,2.0228940705320646,3.214336009096352,abs_return_ratio,$1bn+
51,0.178856329673514,0.5739936931157517,0.8569165493686639,1.4506194232664091,2.2538149908488965,abs_return_ratio,$1bn+
52,0.3693283153850635,0.7016529057259333,1.185288931645303,2.4684488431178706,2.966485772530801,abs_return_ratio,$1bn+
53,0.4304893868083245,0.5678024839261556,1.1690967217708055,1.7500923137014472,3.1908373208730767,abs_return_ratio,$1bn+
54,0.17267844048288047,0.4640023028280115,0.9909502098378246,1.8669821432618978,2.1616779319658814,abs_return_ratio,$1bn+
55,0.1933094872144278,0.45360382521487674,0.9454668078790309,1.5059504048531718,2.2483901257749315,abs_return_ratio,$1bn+
56,0.37578823323049415,0.5792129336074126,1.2055228788531556,1.9110300882570839,3.598035388105126,abs_return_ratio,$1bn+
57,0.33108060274240997,0.5637426980049126,0.9961323990543599,1.70772786951467,2.5836168253310077,abs_return_ratio,$1bn+
58,0.12339700761343643,0.395692115959155,1.0201337594444082,2.1252350801846425,2.638056419354082,abs_return_ratio,$1bn+
59,0.340077236809855,0.4505451593986426,0.9821938754349832,1.858497474662324,2.322229476776703,abs_return_ratio,$1bn+
60,0.14643745565018354,0.3472448410135407,0.8950508103214736,1.8082102919104712,2.879757871170678,abs_return_ratio,$1bn+
